,,トイレ一覧,,,,,,,,,,,,,,,,,,,,,,,,,,,,,,,,,,
市町村名,№,トイレ名,住所,"利用
可能
時間",駐車場,,,,多目的トイレ設備内容,,,,,,,,,一般トイレ設備内容,,,,,,,,,,,,,,,,,,
,,,,,,,,,洋式,表示アイコン,,,ベビーベッド,ベビーチェア,介護用ベッド,"温水
洗浄",オストメイト,男性用トイレ,,,,,,,,女性用トイレ,,,,,,,,備考,,
,,,,,無料,有料,障害者,スペース,,多,オ,ベ,,,,,,洋式,温水洗浄便座,和式,小便器,"荷物
置き場",ベビーベッド,ベビーチェア,音姫,洋式,温水洗浄便座,和式,小便器,"荷物
置き場",ベビーベッド,ベビーチェア,音姫,,,
和歌山市,1,友ヶ島野奈浦公衆トイレ,和歌山市加太字笘ヶ沖島2673-3,終日,,,,,1,,,,,,,,,1,,1,3,フック,,,,1,,1,,フック,,,,,,
和歌山市,2,友ヶ島南垂水公衆トイレ,和歌山市加太字笘ヶ沖島2673-1,終日,,,,,,,,,,,,,,,,1,1,フック,,,,,,,,,,,,男女兼用,,
和歌山市,3,友ヶ島池尻公衆トイレ,和歌山市加太字笘ヶ沖島2673-1,終日,,,,,,,,,,,,,,,,1,1,フック,,,,,,,,,,,,男女兼用,,
和歌山市,4,友ヶ島第３砲台跡下公衆トイレ,和歌山市加太字笘ヶ沖島2673-1,,,,,,,,,,,,,,,,,1,2,,,,,1,,1,,,,,,,,
和歌山市,5,加太大波止公衆トイレ,和歌山市加太118,終日,,,,,1,,,,1,,,1,,,,1,1(1),,,,,1,1,2,,フック,,,,,,
和歌山市,6,深山海岸公衆トイレ,和歌山市深山地内,終日,,,,,1,,,,1,,,,,,,1(1),1(1),,,,,,,,,,,,,男女兼用,,
和歌山市,7,加太海岸公衆トイレ,和歌山市加太地先,終日,,,,,1,,,,,1,1,1,,,,1,2(1),,,1,,,,1(1),,フック,,1,,,,
和歌山市,8,磯の浦海水浴場公衆トイレ,和歌山市磯の浦379番地先,終日,,,,,1,,,,1,1,,1,,1,1,2,5(1),フック,,,,2,2,3,,フック,,,,,,
和歌山市,9,和歌浦公衆トイレ,和歌山市新和歌浦1-1,終日,,,,,1,,,,1,1,,1,,,,1(1),3(1),棚,,,,1(1),1,1(1),,"棚/
フック",,,有,,,
和歌山市,10,加太船着場公衆トイレ,和歌山市加太地先,終日,,,,,,,,,,,,,,,,2,1,,,,,,,,,,,,,男女兼用,,
和歌山市,11,和歌山公園内西の丸公衆トイレ,和歌山市一番丁3番地,終日,,,,,2,,,,1,,,2,,1,1,1,6,フック,,,,1,1,5,,フック,,1,有,女性用の温水洗浄便座は洋にのみ、多目的２つ有,,
和歌山市,12,和歌山公園内砂の丸公衆トイレ,和歌山市一番丁3番地,終日,,,,,,,,,,,,,,,,1,2(2),棚,,,,,,1,,フック,,,,,,
和歌山市,13,和歌山公園内不明門公衆トイレ,和歌山市一番丁3番地,終日,,,,,1,,,,1,,,1,1,1(1),1,1(1),3(1),フック,,1,有,2(2),2,1(1),,フック,,1,有,男性用の温水洗浄便座は洋にのみ,,
和歌山市,14,和歌山公園内動物園公衆トイレ,和歌山市一番丁3番地,終日,,,,,,,,,,,,,,1,1,1,2(2),"棚/
フック",,,,2,2,1,1(1),フック,,,,個室外にベビーベッド有,,
和歌山市,15,和歌山公園内桜林（岡口門北）公衆トイレ,和歌山市一番丁3番地,終日,,,,,1,,,,,,,1,,,,1,5(1),"棚/
フック",,,,,,4,,,,,,,,
和歌山市,16,和歌山公園内桃林（伏虎像東）公衆トイレ,和歌山市一番丁3番地,終日,,,,,,,,,,,,,,,,1,2(2),,,,,,,1,,フック,,,,,,
和歌山市,17,和歌山公園内二の丸公衆トイレ,和歌山市一番丁3番地,終日,,,,,,,,,,,,,,,,1,4,"棚/
フック",,,,1,1,2,,フック,,,有,女性用の温水洗浄便座は洋にのみ,,
和歌山市,18,和歌山公園内天守閣前広場公衆トイレ,和歌山市一番丁3番地,終日,,,,,,,,,,,,,,,,1,2,フック,,1,,1,1,1,1,フック,,,,個室外にベビーベッド有、女性用小便器は男児用,,
和歌山市,19,和歌山公園内天守閣中庭公衆トイレ,和歌山市一番丁3番地,9：00～17：30,,,,,,,,,,,,,,2,2,,4,,,,,2,2,2,,フック,,,有,,,
和歌山市,20,浜の宮ビーチ公衆トイレ２,和歌山市毛見,終日,,,,,1,,,,,,,,,,,2(1),5(1),フック,,,,,,5(1),,フック,,,,,,
和歌山市,21,浜の宮ビーチ公衆トイレ３,和歌山市毛見,終日,,,,,1,,,,,,,,,,,2(1),5(1),フック,,,,,,3(1),,フック,,,,男性用の片方にのみフック有、多目的使用禁止,,
和歌山市,22,JR和歌山駅西口公衆トイレ,,,,,,,,,,,,,,,,2,2,,4,,,,,2,2,,,,,,,,,
和歌山市,23,JR和歌山駅東口公衆トイレ,,,,,,,1,,,,,,,,,1,,1,2,,,,,1,,1,,,,,,,,
和歌山市,24,深山観光広場公衆トイレ,和歌山市深山105,終日,,,,,1,,,,,,,1,,,,1,2(1),,,,,1,1,1,,フック,,,,,,
和歌山市,25,磯の浦海水浴場公衆トイレ(東）,,,,,,,1,,,,,,,1,,,,1,2,,,,,,,3,,,,,,,,
和歌山市,26,マリーナシティー公衆トイレ,和歌山市毛見１５３８,終日,,,,,1,,,,,,,,,1,,2,5(1),棚,,,,2,,6,1,"棚/
フック",,,,個室外にベビーベッド有,,
和歌山市,27,紀三井寺公園内テニスコート付近公衆トイレ,和歌山市毛見200番,終日,,,,,1,,,,,,,1,,1,1,1,4(1),棚,,,,1,1,2(1),,棚,,,有,男性用の温水洗浄便座は洋にのみ,,
和歌山市,28,和歌山大学前駅前公衆トイレ,,,,,,,1,,,,,,,,1,1,,,2,,,,,2,,,,,,,,,,
和歌山市,29,紀三井寺緑道亀の川付近公衆トイレ,和歌山市毛見200番,終日,,,,,1,,,,1,1,,1,1,1,1,,1,,,,有,1,1,,,フック,,,有,,,
和歌山市,34,河西公園公衆トイレA棟,和歌山市西庄,終日,,,,,1,,,,,,,1,1,,,1,2(1),棚/フック,,,,,,2,,棚,,,,,,
和歌山市,35,河西公園公衆トイレB棟,和歌山市西庄,終日,,,,,1,,,,,1,,1,,,,1,2(1),フック,,,,,,2,,,,,,,,
和歌山市,36,河西公園公衆トイレC棟,和歌山市西庄,終日,,,,,1,,,,,1,,1,,,,1,2(1),棚,,,,,,2,,,,,,,,
和歌山市,37,河西公園公衆トイレD棟,和歌山市西庄,終日,,,,,1,,,,,1,,1,,,,1,2(1),フック,,,,,,2,,,,,,,,
和歌山市,38,河西公園公衆トイレE棟,和歌山市西庄,終日,,,,,1,,,,,1,,1,,,,1,2,棚,,,,,,2,,フック,,,,棚小さいサイズあり,,
和歌山市,39,河西公園公衆トイレF棟,和歌山市西庄,終日,,,,,1,,,,,,,1,,1,,,2(1),フック,,,,,,2,,,,,,,,
和歌山市,40,河西公園公衆トイレG棟,和歌山市西庄,終日,,,,,1,,,,,1,,,,,,1,2(1),棚,,,,,,2,,棚/フック,,,,多目的トイレ開いていない,,
和歌山市,41,河西公園水泳場便所棟(プール内）,和歌山市西庄,10:00～17:00,,,,,2,,,,1,,,1,,,,1,2,フック,,,,,,2,,フック,,,,多目的２つ有、内小便器１つ有,,
和歌山市,42,河西公園水泳場便所棟(更衣室）,和歌山市西庄,10:00～17:00,,,,,,,,,,,,,,,,1,2,フック,,,,,,3,,フック,,,,,,
和歌山市,43,8の字公園公衆トイレ,和歌山市和歌浦南3丁目4,終日,,,,,1,,,,,,,1,1,,,1(1),1(1),棚,,,,,,1(1),,棚/フック,,,,,,
和歌山市,44,8の字公園（東出）公衆トイレ,和歌山市和歌浦南2丁目3,終日,,,,,,,,,,,,,,,,1,2(1),,,,,,,,,,,,,男女兼用,,
和歌山市,45,御手洗池公衆トイレ,和歌山市和歌浦西２丁目,終日,,,,,1,,,,,,,,,1,,1,3(1),,,,,1,,2,,棚/フック,,,,女性用の洋のみ棚/フック有,,
和歌山市,46,親子つりパーク公衆トイレ,和歌山市田野１０１番３,終日,,,,,1,,,,,,,,,1,,1(1),2(1),棚,,,,1,,2(1),,"棚/
フック",,,,女性用の洋のみ棚/フック有,,
和歌山市,47,浪早ビーチ公衆トイレ,和歌山市田野,7時～18時（4月）6時～19時（5-8月）7時～18時（9・10月）8時～17時（11-3月）,,,,,1,,,,,,,,,1,,1(1),2(1),,,,,1,,2(1),,フック,,,,,,
和歌山市,48,浜の宮ビーチ公衆トイレ１,和歌山市毛見,終日,,,,,1,,,,,,,,,,,2,5,,,,,,,5(1),,フック,,,,,,
和歌山市,49,片男波公園駐車場公衆トイレ,和歌山市和歌浦南3丁目1700-2,終日,,,,,1,,,,,,,1,1,1,1,1,3(1),棚,,,,1,有,2,,"棚/
フック",1,,,,,
和歌山市,50,片男波公園公衆トイレ,和歌山市和歌浦南3丁目1700-2,9:00～17:00,,,,,1,,,,,,,1,1,1,1,1,3(1),他,,,,1,有,2,,"棚/
フック",,,,女性用の洋にのみ棚有,,
海南市,1,藤白神社,海南市藤白434-1,終日,,,,,1,,,,1,,,1,,,,1,2(1),"棚/
フック",,,,1,1,2,,"棚/
フック",,,,,,
海南市,2,亀池広場公衆トイレ,海南市阪井452,終日,,,,,1,,,,,,,,1,,,,1(1),,,,,1(1),,1,,フック,,,,女性用の和のみフック有,,
海南市,3,JR加茂郷駅前公衆トイレ,,,,,,,1,,,,,,,1,1,1,1,,1,,,,,1,1,,,,,,,,,
海南市,4,JR下津駅前公衆トイレ,,,,,,,1,,,,,,,1,1,1,1,,1,,,,,1,1,,,,,,,,,
海南市,5,JR海南駅公衆トイレ,海南市名高51-2,終日,,,,,1,,,,1,,,1,1,1,,1,3(1),"棚/
フック",,,,1(1),,3(3),,"棚/
フック",,4,,,,
海南市,6,藤白塔下王子跡公衆トイレ,海南市下津町橘本1614-3,終日,,,,,1,,,,,,,1,1,,,1,2(2),棚,,,,,,2(2),,棚,,,,,,
海南市,7,長保寺,海南市下津町上689,9:00～17:00,,,,,,,,,,,,,,,,1,3(1),,,,,1,1,2(2),,,,,,,,
海南市,8,善福院,海南市下津町梅田270,9:00～16:00,,,,,,,,,,,,,,,,1,2(1),,,,,1,1,1(1),,,,,,,,
海南市,9,紀州漆器伝統産業館内公衆トイレ,,,,,,,,,,,,,,,,1,1,1,3,,,,,1,1,1,,,,,,,,
紀美野町,1,小川宮前公衆トイレ,紀美野町奥佐々21番地2,終日,,,,,,,,,,,,,,1,1,1,2,フック,,,,,,,,,,,,男女兼用,,
紀美野町,2,紀美野町のかみふれあい公園公衆トイレ,紀美野町西野971-1,9：00～17：00,,,,,1,,,,1,,,1,,1(1),1,1(1),3(1),フック,,,,1(1),1,3(3),1,フック,,1,,女性用の洋式にベビーチェア有,,
紀美野町,3,生石高原童謡公衆トイレ,紀美野町中田899-29,終日,,,,,1,,,,1,,,1,,1(1),1,1(1),3(1),フック,,,,1(1),1,2,,フック,,,,,,
紀美野町,4,真国公衆トイレ(診療所併設）,,,,,,,1,,,,,,,1,,1,1,1,3,,,,,1,1,2,,フック,,,,,,
紀美野町,5,小西公衆トイレ,紀美野町小西169-7,終日,,,,,1,,,,,,,1,1,1,1,,1,,,,,1,1,,,,,,,,,
紀美野町,6,みさと天文台公衆トイレ,紀美野町松ヶ峯180,,,,,,1,,,,,,,1,,2,2,,1,,,,,3,3,,,,,,,,,
岩出市,1,県植物公園緑花センター (本館事務所),岩出市東坂本672,9:00～17:00,500,,,,1,,,,,,,1,,1(1),,,2,棚,,,,,,,,,,,,男女兼用,,
岩出市,2,県植物公園緑花センター (駐車場南側),岩出市東坂本672,9:00～17:00,500,,,,1,,,,,,,,,,,1,4,"棚
フック",,,,,,3,,フック,,,,,,
岩出市,3,県植物公園緑花センター (別館展示室),岩出市東坂本672,9:00～17:00,500,,,,1,,,,,,,,1,,,1,1(1),棚,,,,,,2,,フック,,,,,,
岩出市,4,根来寺公衆トイレ（西側）,岩出市根来2286,　9:10～16:30,有,,,,,,,,,,,,,1,1,2,7,棚,,,,3,3,5,,フック,,,,,,
岩出市,5,根来寺公衆トイレ（北側）,,,,,,,1,,,,1,,,1,1,1,1,,2,,,,,1,1,1,,フック,,,,,,
岩出市,6,道の駅「根来さくらの里」公衆トイレ,岩出市押川37-1,終日,49,,,,1,,,,1,,,1,1,1,1,2,7,棚,,,,4,4,4,,フック,,,,,,
岩出市,7,岩出市民俗資料館トイレ,岩出市根来2306-1,9:00～17:00,80,,,,1,,,,,,,1,1,2,2,1,5,棚,,,,2,2,3,,フック,,,,,,
紀の川市,1,大池遊園駅前公衆トイレ,,,,,,,1,,,,,,,1,1,1,1,,1,,,,,1,1,,,,,,,,,
紀の川市,2,大門橋前駐車場公衆トイレ,,,,,,,1,,,,,,,1,,1,1,,2,,,,,2,2,,,,,,,,,
紀の川市,3,貴志川観光いちご狩り園公衆トイレ,,,,,,,,,,,,,,,,1,1,,2,,,,,2,2,,,,,,,,,
紀の川市,4,細野渓流キャンプ場バンガロー旧トイレ,,,,,,,,,,,,,,,,2,2,,1,,,,,,,,,,,,,男女兼用,,
紀の川市,5,細野渓流キャンプ場バンガロー側新トイレ,紀の川市桃山町垣内258-1,終日,70,,,,,,,,,,,,,1,1,,2,,,,,2,2,,,フック,,,,,,
紀の川市,6,細野渓流キャンプ場駐車場トイレ,紀の川市桃山町垣内258-1,終日,70,,,,,,,,,,,,,2,2,,1,フック,,,,,,,,,,,,男女兼用,,
紀の川市,7,紀の川市歴史民俗資料館公衆トイレ,,,,,,,1,,,,,,,,,1,1,,3,,,,,2,2,1,,,,,,,,
紀の川市,8,葛城山公衆トイレ（葛城山園地公衆便所）,紀の川市切畑969-2,終日,10,,1,,1,,,,,,,,,1,,,2(1),棚,,,,3,,,,"棚/
フック",,1,,,,
紀の川市,9,粉河ハイランドパーク管理棟公衆トイレ,紀の川市粉河町大字中津川,"9:00～
17：00",20,,,,,,,,,,,,,1,1,,3,,,,,3,3,,,,,,,,,
紀の川市,10,最初ヵ峰展望所公衆トイレ,紀の川市竹房,終日,10,,,,,,,,,,,,,,,1,2,,,,,,,2,,フック,,,,,,
紀の川市,11,旧名手本陣,紀の川市名手市場,"10：00～
16：00",,,,,,,,,,,,,,3,,,,,,,,,,,,,,,,男女兼用,,
紀の川市,12,桃山物産センタートイレ,紀の川市桃山町市場404-,"9:00～
17：00",20,,,,1,,,,,,,,,1,1,,2,フック,,,,2,2,,,フック,,,,,,
紀の川市,13,桃源郷運動公園,紀の川市最上1147-11,"9:00～
17:00",有,,,,1,,,,,1,,1,1,1(1),1,1(1),3,棚,,,,2(2),2,1(1),,フック,,1,,,,
紀の川市,14,平池緑地公園オニバス広場公衆トイレ,紀の川市貴志川町神戸大越1073-1,終日,15,,1,,1,,,,,,,1,,,,1(1),2(1),,,,,1,,,,,,,,"多目的トイレが
女子トイレと兼用",,
紀の川市,15,平池緑地公園野鳥広場公衆トイレ,紀の川市貴志川町神戸大越1073-1,終日,31,,2,,1,,,,1,,,1,,,,1(1),2(1),,,,,1,1,,,１（１）,,,,,,
紀の川市,16,貴志川観光物産センタートイレ,紀の川市貴志川町前田135-1,"8:30～
17：00",50,,,,,,,,,,,,,1(1),1,,,,,,,1(1),1,,,,,,,,,
紀の川市,17,大池遊園公衆トイレ,紀の川市貴志川町長山1304-2,終日,10,,,,1,,,,,,,1,,,,2,4,,,,,,,2,,フック,,,,"男性用は小便器のみ
個室は供用",,
橋本市,1,嵯峨谷農村公園前公衆トイレ,橋本市高野口町嵯峨谷,終日,,,,,1,,,,,,,,,,,1(1),1,フック,,,,,,1(1),,フック,,,,高野口山村体験交流センターの前にある,,
橋本市,2,JR高野口駅前公衆トイレ,橋本市高野口町名倉7902,終日,,,,,1,,,,1,,,1,,,,1,2(1),フック,,,,,,2,,棚,,,,,,
橋本市,3,恋野あじさい公園公衆トイレ,橋本市恋野,終日,,,,,1,,,,1,,,1,,,,1,2,フック,,,,1,1,1,,フック,,,,,,
橋本市,4,杉尾公衆トイレ,橋本市杉尾,終日,,,,,1,,,,,,,1,,,,1,1,フック,,,,,,1,,棚/フック,,,,,,
橋本市,5,JR橋本駅前公衆トイレ,橋本市古佐田1丁目4-51,終日,,,,,1,,,,1,,,1,1,1(1),1,1(1),3(1),棚/フック,,1,,2(2),2,1(1),,棚/フック,,,,多目的のみ５：３０～２３：３０までの使用,,
橋本市,6,国城山公衆トイレ,橋本市国城原,終日,,,,,,,,,,,,,,,,3,2,,,,,,,,,,,,,男女兼用、ペーパーなし,,
橋本市,7,くにぎふれあいの里観光公衆トイレ,,,,,,,1,,,,,,,1,1,1,1,,2,,,,,2,2,,,,,,,,,
橋本市,8,隠れ谷池公衆トイレ,,,,,,,1,,,,,,,1,,1,1,,2,,,,,1,1,1,,,,,,,,
橋本市,9,やどり温泉いやしの湯公衆トイレ,橋本市北宿5,11:00～21:00,,,,,1,,,,,,,1,,1,,,2,,,,,2,,,,,,,,,,
橋本市,10,神野々キャンプ場公衆トイレ,橋本市神野々,終日,,,,,1,,,,,,,,,,,1,2(1),フック,,,,,,2,,フック,,,,キャンプ場・パターゴルフ場内トイレ、ゲート開閉時間４/１～１０/３１（９：００～１９：００）上記以外（９：００～１７：００）,,
橋本市,11,高野口公園公衆トイレ1（ステージ前）,橋本市高野口町名倉,終日,,,,,,,,,,,,,,,,1,2,,,,,,,2,,,,,,桜シーズンは車進入不可,,
橋本市,12,高野口公園公衆トイレ2（八幡神社駐車場横）,橋本市高野口町名倉,終日,,,,,,,,,,,,,,,,2,2,,,,,,,,,,,,,男女兼用,,
橋本市,13,高野口公園公衆トイレ3（休憩所横）,橋本市高野口町名倉,終日,,,,,,,,,,,,,,,,2,2,,,,,,,,,,,,,男女兼用,,
橋本市,14,紀望の里,橋本市高野口町大野1807-1,10時～21時,,,,,1,,,,1,1,,1,,1(1),1,,2(1),フック/その他,,,,2(2),2,,,フック/その他,,,,女性用内一つに「食堂専用トイレ、一般の方は使用禁止」の貼り紙有,,
橋本市,15,せせらぎ公園公衆トイレ,橋本市高野口町名倉191先外,終日,,,,,1,,,,1,,,,,,,1(1),2(1),棚/フック,,,,,,2(1),,棚/フック,,2,,,,
橋本市,16,農業ふれあい公園おもてなし公衆トイレ,橋本市岸上106-3,終日,,,,,1,,,,1,,,1,1,,,1,2(1),,,,,1,1,1,,棚/フック,,,,男性用の和式使用不可、洋式未確認。女性用個室内１つは医用禁止、便器撤去,,
かつらぎ町,1,道の駅「紀の川万葉の里」公衆トイレ,かつらぎ町窪,終日,,,,,1,,,,,1,1,1,1,2,2,5,12(1),棚,,,,3(1),3,9,1,フック,1,5,,個室外にベビーベッド有,,
かつらぎ町,2,柿の茶屋公衆トイレ,かつらぎ町西飯降,終日,,,,,1,,,,,,,1,,,,1,2,,,,,1,1,1,,フック,,,,,,
かつらぎ町,3,町石道神田地内公衆トイレ,かつらぎ町神田,終日,,,,,1,,,,,,,1,,1,1,,,フック,,,,,,,,,,,,多目的と女性兼用,,
かつらぎ町,4,丹生都比売神社公衆トイレ（近畿自然歩道天野公衆便所）,かつらぎ町上天野,終日,,,,,1,,,,1,,,1,,,,1(1),2(1),フック,,,,1,1,1(1),,"棚/
フック",,,,棚小さい,,
かつらぎ町,5,花園久木公衆トイレ,かつらぎ町花園久木,終日,,,,,,,,,,,,,,1,1,1,2,,,,,,,,,,,,,男女兼用,,
かつらぎ町,6,花園中南公衆トイレ,かつらぎ町花園中南,終日,,,,,1,,,,,,,,,1,1,,2,"棚/
フック",,,,1,1,2,,"棚/
フック",,,,個室は男女兼用（棚は内１つにあり）、男性小便器と多目的兼用、個室外にベビーベッド有,,
かつらぎ町,7,花園北寺公衆トイレ,かつらぎ町花園北寺,終日,,,,,1,,,,,,,1,,,,1,1,フック,,,,,,,,,,,,男女兼用,,
かつらぎ町,8,花園梁瀬公衆トイレ,かつらぎ町花園梁瀬,終日,,,,,,,,,,,,,,,,1,2,,,,,1,1,1,,,,,,,,
かつらぎ町,9,花園臼谷公衆トイレ,かつらぎ町花園梁瀬,終日,,,,,1,,,,,,,1,1,,,,1,,,,,,,,,,,,,男女兼用、個室のみ多目的と男女兼用,,
かつらぎ町,10,高野龍神スカイライン公衆トイレ,かつらぎ町花園久木,9:30～16:30,,,,,1,,,,1,,,1,,,,1,3,棚,,,,,,3,,棚,,,,,,
かつらぎ町,11,堀越公衆トイレ,かつらぎ町東谷,終日,,,,,1,,,,,,,1,,,,1(1),2(1),フック,,,,2,2,1(1),,フック,,1,,,,
かつらぎ町,12,JR妙寺駅前公衆トイレ,かつらぎ町丁ノ町2228-10,終日,,,,,1,,,,,,,1,1,,,1,2(1),フック,,,,1,1,1,,フック,,,,,,
かつらぎ町,13,大久保公衆トイレ,,,,,,,1,,,,,,,1,,1,1,,1,,,,,1,1,,,,,,,,,
かつらぎ町,14,かつらぎ公園公衆トイレ,,,,,,,1,,,,,,,1,,1,1,1,3,,,,,2,2,2,,,,,,,,
かつらぎ町,15,JR笠田駅前公衆トイレ,,,,,,,1,,,,,,,1,1,,,1,1,,,,,1,1,1,,,,,,,,
かつらぎ町,16,宝来山神社公衆トイレ,,,,,,,1,,,,,,,1,1,1,1,,2,,,,,1,1,,,,,,,,,
かつらぎ町,17,平和公園公衆トイレ,,,,,,,,,,,,,,,,1,1,1,3,,,,,,,,,,,,,男女兼用,,
かつらぎ町,18,中飯降駅公衆トイレ,,,,,,,1,,,,,,,1,1,,,,1,,,,,,,,,,,,,,,
かつらぎ町,19,河南観光農園公衆トイレ,,,,,,,1,,,,,,,1,1,1,1,,2,,,,,2,2,,,,,,,,,
かつらぎ町,20,志賀ほたるの里公衆トイレ,,,,,,,1,,,,,,,1,1,1,1,,3,,,,,4,4,,,,,,,,,
かつらぎ町,21,丹生都比売神社公衆トイレ（第１駐車場）,,,,,,,1,,,,,,,1,1,1,1,,2,,,,,3,3,,,,,,,,,
九度山町,1,慈尊院駐車場公衆トイレ,九度山町慈尊院854番地の3,終日,,,,,1,,,,1,,,1,,1(1),1,,3(1),"棚/
フック",,,,2(2),1,,,フック,,,有,,,
九度山町,2,入郷児童館前公衆トイレ,,,,,,,,,,,,,,,,2,2,,2,,,,,,,,,,,,,男女兼用,,
九度山町,3,慈尊院トイレ,九度山町慈尊院832,終日,,,,,,,,,,,,,,1,1,,3,,,,,3,3,,,,,,,,,
九度山町,4,紙遊苑公衆トイレ,,,,,,,,,,,,,,,,1,1,1,2,,,,,,,,,,,,,男女兼用,,
九度山町,5,丹生官省符神社公衆トイレ,,,,,,,,,,,,,,,,1,1,,2,,,,,2,2,,,,,,,,,
九度山町,6,まちなか休憩所真田憩い茶屋　真田庵公衆トイレ,九度山町,終日,,,,,,,,,,,,,,1,,,1,,,,,,,,,,,,,男女兼用,,
九度山町,7,丹生川駐車場公衆トイレ（南）,九度山町丹生川246-1,終日,,,,,1,,,,,,,,,,,1,2,フック,,,,1,,1,,,,,,,,
九度山町,8,九度山駐車場公衆トイレ,九度山町九度山,８：００～１８：００,,,,,1,,,,1,,,1,,1,1,,1,"棚/
フック",1,,,1,1,,,棚,,,有,,,
九度山町,9,九度山駅前公衆トイレ,九度山町九度山,終日,,,,,1,,,,1,,,1,,1,1,,1(1),"棚/
フック",,,,1,1,,,棚,,,有,,,
九度山町,10,道の駅「柿の郷くどやま」公衆トイレ,九度山町入郷５番５,終日,,,,,1,,,,1,1,,1,1,2,2,,4,フック,,,有,10,10,,1,フック,,,有,,,
高野町,1,大門児童公園公衆トイレ,高野町大字東富貴地内,終日,,,,,,,,,,,,,,1,1,,2,,,,,2,2,,,,,,,,,
高野町,2,高野山森林公園スポーツ広場公衆トイレ,高野町大字高野山地内,終日,,,,,1,,,,,,,1,,,,1,3,フック,,,,3(1),3,2,,フック,,,,,,
高野町,3,五の室金輪公園公衆トイレ,高野町大字高野山地内,終日,,,,,,,,,,,,,,1,1,1,2,,,,,,,,,,,,,男女兼用,,
高野町,4,奥の院口公衆トイレ,高野町大字高野山地内,終日,,,,,1,,,,1,,,1,1,2,1,, 5(1),フック,,,,6,2,,,棚,,,,女性用の温水洗浄便座は内２つのみ、男性用は内１つのみ,,
高野町,5,谷ヶ峰公衆トイレ　御影堂裏,高野町大字高野山地内,終日,,,,,1,,,,,,,1,1,1(1),1,2(2),4(1),フック,,,,4,4,3,,,,,,,,
高野町,6,女人堂公衆トイレ,高野町大字高野山地内,終日,,,,,1,,,,1,,,1,1,1,1,,3(1),他,,,,3,3,,,"棚/
フック",,,,女性用の温水洗浄便座は内２つのみ,,
高野町,7,蓮華谷公衆トイレ　刈萱堂横,高野町大字高野山地内,終日,,,,,1,,,,,1,,1,1,1(1),1,1(1),2(1),,,,,1,1,1,,棚,,,,,,
高野町,8,金剛峯寺前公衆トイレ,高野町大字高野山地内,終日,,,,,1,,,,,,,1,1,2(2),2,1,7(1),フック,,,,3,3,2,,棚,,,,,,
高野町,9,文化通り公衆トイレ（中門前）,高野町大字高野山地内,終日,,,,,1,,,,,,,1,1,1(1),1,1(1),3(1),フック,,,,3,3,2,,,,,,女性用の温水洗浄便座は内２つのみ,,
高野町,10,中央公衆トイレ,高野町大字高野山地内,終日,,,,,1,,,,,,,,,,,1(1),4(1),"棚/
フック",,,,,,2,,棚,,,,棚は紙置くぐらいの大きさ,,
高野町,11,大門公衆トイレ（高野山駐車場（近畿自然歩道）公衆便所）,高野町大字高野山地内,終日,,,,,1,,,,1,,,1,1,,,1(1),3(1),フック,,,,1,1,2,,,,,,女性用内１つ故障中,,
高野町,12,中の橋駐車場公衆トイレ（立体）,高野町大字高野山地内,終日,,,,,1,,,,,,,1,1,1,1,1,5,フック,,,,4,4,1,,棚,,,,,,
高野町,13,中の橋駐車場公衆トイレ（高野山駐車場公衆トイレ,高野町大字高野山地内,終日,,,,,1,,,,1,,,1,1,1,1,2,8,フック,,,,2,2,7,,棚,,,,,,
高野町,14,近畿自然歩道花坂公衆便所,高野町大字花坂地内,終日,,,,,1,,,,1,,,1,1,,,1,,棚,,,,1,1,2,,フック,,,,,,
高野町,15,高野山森林公園駐車場公衆トイレ,高野町大字高野山地内,終日,,,,,1,,,,,1,,1,,,,1,3(1),フック,,,,1,1,2,,フック,,,,個室外にベビーベッド有,,
高野町,16,旧白藤小学校公衆トイレ,,,,,,,,,,,,,,,,1,1,,2,,,,,2,2,,,,,,,,,
有田市,1,地ノ島海水浴場公衆トイレ,,終日,100,,,,,,,,,,,,,,,1,2,,,,,,,2,,,,,,,,
有田市,2,くまの古道ふれあい広場公衆トイレ,有田市宮崎町1238,終日,2,,,,1,,,,,,,1,,,,1,1,,,,,,,,,,,,,男女兼用,,
有田市,3,JR箕島駅前公衆トイレ,,終日,,,,,1,,,,,,,1,1,1,1,,1,,,,,1,1,,,,,,,,,
有田市,4,ウエノ公園公衆トイレ,有田市宮崎町1166-1,終日,3,,,,1,,,,,,,,,,,1,1,,,,,,,1,,,,,,,,
有田市,5,有田市近畿自然歩道公衆トイレ（有田市近畿自然歩道公衆便所）,有田市宮原町畑409-4,終日,3,,,,1,,,,,,,1,,,,1,1,"棚/
フック",,,,,,1,,"棚/
フック",,,,,,
湯浅町,1,JR湯浅駅前公衆トイレ（湯浅町近畿自然歩道公衆便所）,湯浅町湯浅1052,終日,,,1,,1,,,,,,,,,1,1,,2(1),,,,,1,1,1(1),,フック,,,,,,
湯浅町,2,田海岸公衆トイレ,,終日,1,,1,,1,,,,,,,1,1,,,1(1),1(1),フック,,,,,,,,,,,,男女兼用,,
湯浅町,3,小浜海岸公衆トイレ,湯浅町田1232-2,終日,,,,,1,,,,,,,1,1,,,,1(1),,,,,1,1,,,フック,,,,,,
湯浅町,4,築港公衆トイレ,湯浅町湯浅2775,終日,,,,,,,,,,,,,,,,1,1,,,,,,,,,,,,,男女兼用,,
湯浅町,5,北の町老人憩いの家公衆トイレ,,9:00～17:00,,,,,1,,,,,,,1,1,1,1,,1,,,,,1,1,,,,,,,,,
湯浅町,6,栖原海岸公衆トイレ,,,,,,,1,,,,,,,1,1,,,,1,,,,,1,1,,,,,,,,,
湯浅町,7,吉川老人憩いの家公衆トイレ,,,,,,,,,,,,,,,,1,1,,1,,,,,,,,,,,,,男女兼用,,
広川町,1,広川町観光案内所公衆トイレ,広川町山本1959,終日,,,,有,1,,,,,,,1,,1,1,,3,フック,,,,3,3,,,,,,,,,
広川町,2,広川ビーチ駅（ふれあい館）公衆トイレ,広川町山本1682-13,終日,,,,,1,,,,,,,1,1,1,1,,2,,,,,1,1,,,,,,,,,
広川町,3,小浦公衆トイレ,広川町山本1897,終日,,,,,,,,,,,,,,,,1,2,フック,,,,,,2,,フック,,,,,,
広川町,4,稲むらの火の館公衆トイレ,,終日,,,,,1,,,,,,,1,,3,3,,5,,,,,6,6,1,,,,,,,,
広川町,5,東濱口公園公衆トイレ,,終日,,,,,1,,,,,,,1,,1,1,,1,,,,,1,1,,,,,,,,,
広川町,6,樫長公衆トイレ,広川町西広1-7,終日,,,,有,,,,,,,,,,,,1,1,,,,,,,,,,,,,男女兼用,,
広川町,7,西広ふれあいの森公衆トイレ,広川町西広1-7,終日,,,,有,,,,,,,,,,1,1,1,3,フック,,,,1,1,2,,フック,,,,,,
広川町,8,男山焼会館公衆トイレ,,終日,,,,,1,,,,,,,1,,1,1,,2,,,,,2,2,,,,,,,,,
広川町,9,霊巖寺公衆トイレ,広川町前田501-1,終日,,,,,,,,,,,,,,,,1,1,,,,,,,,,,,,,男女兼用,,
広川町,10,広川ダム下公衆トイレ,広川町下津木1619,終日,,,,有,,,,,,,,,,,,1,1,フック,,,,,,,,,,,,男女兼用,,
広川町,11,広川町役場前公衆トイレ,,終日,,,,,1,,,,,,,1,,1,1,,2,,,,,1,1,1,,,,,,,,
広川町,12,広川ダム公園公衆トイレ,広川町下津木1776番地5,終日,10,,,,1,,,,,,,1,,,,1,1,,,,,,,,,,,,,男女兼用,,
広川町,13,熊野古道公衆トイレ,広川町河瀬172,終日,7,,,,1,,,,,,,1,,,,1,1,フック,,,,,,,,,,,,男女兼用,,
広川町,14,濱口悟陵史跡散策公衆トイレ,,終日,,,,,,,,,,,,,,1,1,1,1,,,,,,,,,,,,,男女兼用,,
広川町,15,広公民館公衆トイレ,,終日,,,,,1,,,,,,,1,,3,3,,3,,,,,,,,,,,,,男女兼用,,
広川町,16,西･北集会所公衆トイレ,,終日,,,,,,,,,,,,,,1,1,,2,フック,,,,,,,,,,,,男女兼用,,
広川町,17,熊之町集会所公衆トイレ,,終日,,,,,,,,,,,,,,1,1,,2,,,,,,,,,,,,,男女兼用,,
広川町,18,津木の里散策公衆トイレ,,終日,,,,,,,,,,,,,,1,1,,1,,,,,,,,,,,,,男女兼用,,
広川町,19,広村堤防公衆トイレ,,終日,,,,,1,,,,,,,1,1,,,,1,,,,,,,1,,,,,,,,
有田川町,1,田口砂防公園公衆トイレ,有田川町田口1011,終日,10,,1,,1,,,,,,,1,,,,1,2,"フック/
その他",,,,,,,,,,,,男女兼用,,
有田川町,2,千葉の森公園公衆トイレ,有田川町大賀畑,終日,30,,,有,,,,,,,,,,,,1,2,フック,,,,,,2,,フック,,,,,,
有田川町,3,鷲ヶ峰コスモスパ－ク公衆トイレ,有田川町長谷611,終日,30,,,,,,,,,,,,,,,3,4,,,,,,,,,,,,,男女兼用,,
有田川町,4,鷲ヶ峰コスモスパ－ク「風の館」公衆トイレ,有田川町長谷612,"10:00～
17:00",30,,1,,1,,,,,,,,,,,1,2,フック,,,,,,2,,,,,,,,
有田川町,5,ＪＲ藤並駅公衆トイレ（西口側）,有田川町明王寺34-7,"7：00～
20：00",,有,1,,1,,,,1,,,1,,,,1,,,,,,,,,,,,,,男女兼用,,
有田川町,6,ＪＲ藤並駅公衆トイレ（東口側）,有田川町明王寺34-7,"7：00～
20：00",,有,1,,1,,,,1,,,1,1,,,1(1),2(1),"棚/
フック",,1,,1(1),1,1,,"棚/
フック",,1,1,,,
有田川町,7,花の里河川公園公衆トイレ,有田川町庄921,"9：00～
17：00",5,,1,有,1,,,,,,,1,,1,1,1,1,,,,,,,,,,,,,"キャンプシーズン中のみ使用
男女兼用",,
有田川町,8,花の里公園公衆トイレ,有田川町庄921,終日,5,,1,1,1,,,,,,,1,,,,1,2,フック,,,,1,1,1,,フック,,,,,,
有田川町,9,明恵の里スポーツ公園公衆トイレ,,,,,,,2,,,,,,,2,,1,1,1,5,,,,,4,4,1,,,,,,,,
有田川町,10,金屋河川敷公衆トイレ,有田川町金屋900,終日,,,1,,1,,,,,,,1,,,,1,1,フック,,,,1,1,1,,フック,,,1,,,
有田川町,11,旧金屋庁舎前公衆トイレ,有田川町金屋322-1,終日,20,,1,有,1,,,,1,,,1,1,,,1,1,フック,,,,1,1,1,,フック,,,1,,,
有田川町,12,道の駅「しらまの里」公衆トイレ,有田川町宇井苔213-1,終日,30,,1,,1,,,,,,,1,1,,,1,2,"棚/
フック",,,,5,5,1,,"棚/
フック",,,5,,,
有田川町,13,道の駅「明恵ふるさと館」公衆トイレ,有田川町金屋322-1,終日,30,,1,,1,,,,1,,,1,1,,,1,3(1),フック,,,,3,3,1,,フック,,,3,,,
有田川町,14,金屋テニス公園公衆トイレ,,終日,,,,,,,,,,,,,,1,1,,4,,,,,2,2,,,,,,,,,
有田川町,15,吉原若者広場公衆トイレ,,終日,,,,,1,,,,,,,1,1,,,1,2,,,,,,,,,,,,,男女兼用,,
有田川町,16,二川ダム公園公衆トイレ,有田川町二川509-2,終日,10,,,,,,,,,,,,,1,,,4,,,,,,,2,,,,,,,,
有田川町,17,楠本公衆トイレ,有田川町楠本548,終日,1,,1,,1,,,,,,,,,,,,1(1),,,,,,,,,,,,,男女兼用,,
有田川町,18,楠本札立峠公衆トイレ,有田川町楠本1490-82,終日,10,,,有,1,,,,,1,,1,1,1,1,1,2(1),フック,,,1,2,2,1,,フック,,1,1,,,
有田川町,19,道の駅「あらぎの里」公衆トイレ,有田川町二田662-1,終日,23,,2,,1,,,,,,,1,1,1,1,1,3(1),フック,,,1,2,2,1,,フック,1,,2,,,
有田川町,20,三田コミュニティセンター公衆トイレ,,終日,30,,,,1,,,,,,,1,,1,1,1,1,,,,,,,,,,,,,男女兼用,,
有田川町,21,泉水（しみず温泉前公衆トイレ）,有田川町清水1224-2,終日,30,,,,,,,,,,,,,,,1,2,フック,,,,1,1,1,,フック,,,1,,,
有田川町,22,有田川町鉄道交流館公衆トイレ,,終日,15,,,,1,,,,,,,1,,,,1,1,,,,,1,1,,,,,,,,,
有田川町,23,道の駅「しみず」公衆トイレ,有田川町清水607,終日,30,,,,1,,,,,,,1,1,1,1,1,4,"フック/
その他",,,,3,3,1,,"フック/
その他",,,,,,
有田川町,24,清水町公衆トイレ,,終日,3,,,,,,,,,,,,,,,,,,,,,,,,,,,,,,,
有田川町,25,下湯川公衆トイレ,有田川町下湯川353-3,終日,1,,,有,,,,,,,,,,,,1,1,,,,,,,,,,,,,男女兼用,,
有田川町,26,境川公衆トイレ,有田川町境川,終日,1,,,有,,,,,,,,,,,,1,1,,,,,,,,,,,,,男女兼用,,
御坊市,1,ふれあい水辺公園藤井公衆トイレ,御坊市藤田町,終日,50,,1,,,,,,,,,,,,,,,,,,,,,,,,,,,台風で使用不可,,
御坊市,2,ふれあい水辺公園せせらぎ広場公衆トイレ,御坊市野口,普段は　　クローズ,100,,,,1,,,,,,,,,,,1(1),,フック,,,,,,1(1),,フック,,,,,,
御坊市,3,野口オートキャンプ場,御坊市野口,終日,100,,,,,,,,,,,,,,,,,,,,,,,,,,,,,,,
御坊市,4,日高港塩屋緑地公衆トイレ,御坊市塩屋町南塩屋,終日,15,,1,,1,,,,,,,,,,,1,2,フック,,,,,,2,,フック,,,,,,
美浜町,1,潮騒かおる公園公衆トイレ,美浜町和田1979,終日,,,,,1,,,,,,,,,1,,,2,フック,,,,1,,1,,フック,,,,,,
美浜町,2,自衛隊前公衆トイレ,美浜町和田1138,終日,,,,,1,,,,,,,1,1,,,1,2,フック,,,,1,1,1,,,,,,,,
美浜町,3,若者広場公衆トイレ,美浜町945-1,終日,,,,,,,,,,,,,,,,1,1,,,,,,,,,,,,,ボットン式・兼用,,
美浜町,4,浜ノ瀬緑地公園内トイレ（日高港浜ノ瀬緑地）,美浜町浜ノ瀬海浜地,終日,,,,,1,,,,1,,,,,,,1(1),2,フック,,,,2,,,,,,,,,,
美浜町,5,煙樹ヶ浜キャンプ場トイレ,美浜町吉原,終日,,,,,1,,,,,,,,,,,3,3(1),フック,,,,,,,,,,,,兼用・多目的別,,
美浜町,6,西山ピクニック緑地公衆トイレ1,日高町日高町産湯 ,終日,,,,,,,,,,,,,,,,1,3,フック,,,,,,3,,棚/フック,,,,日高町と美浜町の境目にある所で、住所は日高になってます,,
日高町,1,日高町役場横公衆トイレ,日高町高家626,8：30～22：00,,,1,21,1,,,,,,,1,,,,,,,,,,,,,,,,,,男女兼用,,
日高町,2,谷口公衆トイレ,,,,,,,,,,,,,,,,,,1,2,,,,,1,1,2,,,,,,,,
日高町,3,温泉館「海の里」みちしおの湯公衆トイレ,日高町方杭100,終日,,,2,50,1,,,,1,,,,,,,1(1),2(1),フック,,,,,,2(2),,フック,,,,,,
日高町,4,比井地区公衆トイレ,日高町比井79-1,終日,,,,5,1,,,,,,,1,,,,1,1,フック,,,,,,,,,,,,兼用,,
日高町,5,産湯パブリックトイレ,日高町産湯728-1,終日,,,,100,1,,,,,,,1,1,1(1),1,1(1),5(1),棚/フック,,,,1(1),1,3(3),,フック,,,,,,
日高町,6,阿尾漁港内公衆トイレ,日高町阿尾108-4,終日,,,1,3,1,,,,,,,1,1,,,1(1),2(1),フック,,,,,,2(1),,フック,,,,,,
日高町,7,金魚茶屋駐車場公衆トイレ,日高町原谷900,終日,,,,10,1,,,,,,,,,,,,2,,,,,1,,2,,フック,,,,男性のみ多目的兼用,,
日高町,8,小中公衆トイレ,,,,,,,,,,,,,,,,1,1,1,2,,,,,,,,,,,,,男女兼用,,
日高町,9,小浦地区公衆トイレ,日高町小浦86-3,終日,,,1,8,1,,,,,,,1,1,,,1(1),1(1),他,,,,,,1(1),,フック,,,,10/16土砂崩れの為、一部通行止め,,
日高町,10,萩原公衆トイレ,,,,,,,,,,,,,,,,1,1,,3,,,,,1,1,2,,,,,,,,
日高町,11,高家地区公衆トイレ,日高町高家914,終日,,,1,9,1,,,,,,,1,,,,,,,,,,,,,,,,,,男女多目的兼用,,
日高町,12,クヌッセン機関長救命艇展示施設公衆トイレ,日高町高屋626,終日,,,1,3,1,,,,,1,,1,,,,1(1),1(1),フック,,,,,,1(1),,フック,,,,,,
日高町,13,内原王子神社公衆トイレ（近畿自然内原王子公衆便所）,,,,,,,,,,,,,,,,,,,,,,,,,,,,,,,,,,
由良町,1,阿戸公衆トイレ,由良町阿戸1002-37,終日,,,1,,1,,,,,,,1,1,1,1,,2(1),他,,,1,1,1,1(1),,棚/フック,,,1,,,
由良町,2,白崎海洋公園パークセンター内公衆トイレ,,,,,,,,,,,,,,,,,,,,,,,,,,,,,,,,,,
由良町,3,吹井公衆トイレ,由良町神谷,終日,,,1,25,1,,,,,,,,,,,1,1,フック,,,,,,1,,フック,,,,,,
由良町,4,神谷公衆トイレ,由良町神谷466-2,終日,,,,5,1,,,,,,,,,,,1(1),2,フック,,,,,,2,,フック,,,,,,
由良町,5,汐入橋公衆トイレ,由良町大引780-5,終日,,,,3,1,,,,,,,1,標準型,1,1,,2,フック,,,,1,1,1,,フック,,,,,,
由良町,6,大引漁港内公衆トイレ（大引西出公衆トイレ）,由良町大引616-1,終日,,,,,,,,,,,,,,,,,,,,,,,,,,,,,,新築中/兼用,,
由良町,7,白崎万葉公園公衆トイレ,由良町大引956-5,終日,,,,2,1,,,,,,,1,標準型,1,1,,2,フック,,,,1,1,1,,フック,,,,,,
由良町,8,道の駅白崎海洋公園公衆トイレ（パークセンター側）,由良町大引960-1,終日,,,,50,1,,,,,,,1,標準型,1,1,1,4,棚/フック,,,1,1,1,3,,フック,,,1,,,
由良町,9,白崎海洋公園公衆トイレ（オートキャンプ場側）,由良町大引960-1,9：00～17：00,,,,50,1,,,,,,,1,1,1,1,,2(1),フック,,,1,1,1,1,,フック,,,1,,,
由良町,10,小引農村広場公衆トイレ,由良町小引543,終日,,,,,1,,,,,,,1,標準型,1,1,,1,フック,,,,1,,,,フック,,,,,,
由良町,11,戸津井公衆トイレ,由良町戸津井187-3,終日,,,1,,1,,,,,,,1,標準型,1,1,,1(1),棚/フック/他,,,1,1,1,,,フック,,,1,,,
由良町,12,漁港美化推進施設公衆トイレ（衣奈公衆トイレ）,由良町衣奈43-9,終日,,,,3,1,,,,,,,1,標準型,1,1,,1(1),フック/他,,,1,1,1,,,フック,,,1,,,
由良町,13,旧原邸公衆トイレ,,,,,,,,,,,,,,,,,,,,,,,,,,,,,,,,,,
由良町,14,町民公園公衆トイレ,由良町吹井910-1,終日,,,1,,1,,,,,,,1,標準型,1,1,,2(1),フック/他,,,1,1,1,,,フック,,,1,,,
印南町,1,共栄公園公衆トイレ,,,,,,,,,,,,,,,,,,,,,,,,,,,,,,,,,,
印南町,2,印南原駅前公衆トイレ,,,,,,,,,,,,,,,,,,,,,,,,,,,,,,,,,,
印南町,3,印南浜公園公衆トイレ,,,,,,,,,,,,,,,,,,,,,,,,,,,,,,,,,,
印南町,4,真妻公衆トイレ,,,,,,,,,,,,,,,,,,,,,,,,,,,,,,,,,,
印南町,5,アグリコミュニティ稲原公衆トイレ,,,,,,,,,,,,,,,,,,,,,,,,,,,,,,,,,,
みなべ町,1,森の鼻休憩所公衆トイレ,みなべ町堺578,終日,,,1,35,1,,,,1,,,,,,,1(1),2,フック,,,,,,2(2),,フック,,,,,,
みなべ町,2,二子の浜公衆トイレ,みなべ町埴田1430,終日,,,,2,1,,,,,,,,,,,1,2(1),棚/フック,,,,,,2,,棚/フック,,,,,,
みなべ町,3,岩代公衆トイレ,みなべ町西岩代,終日,,,1,3,1,,,,1,,,,,,,1,1(1),フック,,,,,,1,,,,,,,,
みなべ町,4,岩代大梅林公衆トイレ,みなべ町西岩代,終日,,,1,30,1,,,,1,,,,,,,1,2,フック/他,,,,1,,1,,フック,,,,,,
みなべ町,5,南部梅林公衆トイレ,みなべ町晩稲,終日,,,1,6,1,,,,1,,,1,,1,,,1,フック/他,,,,,,1,,フック/他,,,,,,
みなべ町,6,道の駅「みなべうめ振興館」公衆トイレ,みなべ町谷口538-1,終日,,,2,45,1,,,,,,,1,,2,1,,3,フック/他,,,,2,1,1,,フック,,,,,,
みなべ町,7,紀州備長炭振興館内,,,,,,,,,,,,,,,,1,1,1,2,,,,,,,,,,,,,男女兼用,,
みなべ町,8,南部梅林駐車場公衆トイレ,みなべ町晩稲,終日,,,1,50,1(1),,,,,,,1,,,,1,2(1),フック,,,,1,,1,,フック,,,,,,
みなべ町,9,JR 南部駅前公衆トイレ,,,,,,,1,,,,,,,1,,2,2,,3,,,,,3,3,,,,,,,,,
みなべ町,10,島ノ瀬ダム公衆トイレ,みなべ町東神野川1641-3,終日,,,1,4,1(1),,,,,,,,,,,1,2,フック,,,,,,,,,,,,兼用,,
みなべ町,11,小目津公園公衆トイレ,みなべ町山内,終日,,,,20,1,,,,,,,1,,1,,,2,他,,,,,,2,,フック,,,,,,
みなべ町,12,目津公衆トイレ,みなべ町山内,終日,,,,20,1,,,,,,,,,,,1,2(1),フック,,,,2,,,,フック/他,,,,,,
みなべ町,13,うめ振興館内公衆トイレ,,,,,,,1,,,,,,,1,,1,1,2,5,,,,,3,3,2,,,,,,,,
日高川町,1,かわべテニス公園公衆トイレ,,,,,,,,,,,,,,,,,,,,,,,,,,,,,,,,,,
日高川町,2,JR和佐駅前公衆トイレ,日高川町和佐1429-1,終日,,,,10,1,,,,1,,,1,かんい式,1,1,,2,フック,,,,2,1,,,フック,,,,,,
日高川町,3,森林公園公衆トイレ,,,,,,,,,,,,,,,,,,,,,,,,,,,,,,,,,,
日高川町,4,大滝川森林公園公衆トイレ,日高川町山野2021,終日,,,,15,,,,,,,,,,1(1),1,,2,他,,,,2,1,,,棚,,,,,,
日高川町,5,道の駅「SanPin」中津公衆トイレ,日高川町船津794,終日,,,1,14,1,,,,,,,1,かんい式,1,1,,2,フック,,,,3,1,,,フック,,,,,,
日高川町,6,寒川公衆トイレ,日高川町寒川137-1,終日,,,,3,1,,,,,,,,かんい式,1,,,1,他,,,,1,,,,フック,,,,女性、多目的兼用,,
日高川町,7,鳴滝キャンプ場管理棟公衆トイレ,,,,,,,,,,,,,,,,,,,,,,,,,,,,,,,,,,
日高川町,8,第2鳴滝キャンプ場管理棟公衆トイレ,,,,,,,,,,,,,,,,,,,,,,,,,,,,,,,,,,
日高川町,9,第2鳴滝キャンプ場前公衆トイレ,日高川町高津尾1013-4,終日,,,2,20,1,,,,,,,,,,,1,2,棚/フック/他,,,,,,2,,棚/フック,,,,,,
日高川町,10,鷲の川渓流アマゴ釣り公園公衆トイレ,日高川町田尻550-8,終日,,,,10,,,,,,,,,,1,1,,2,他,,,,,,,,,,,,兼用,,
日高川町,11,日高川町役場美山支所前公衆トイレ,日高川町川原河202-1,終日,,,,30,1,,,,1,1,,1,かんい式,1,1,,1(1),フック/他,,,,,,,,,,,,兼用,,
日高川町,12,美山若者広場公衆トイレ,日高川町初湯川1911-14,終日,,,,50,1,,,,,,,1,かんい式,2,1,,4,他,,,,4,1,,,棚,,,,,,
日高川町,13,日高川ふれあいドーム公衆トイレ,,,,,,,,,,,,,,,,,,,,,,,,,,,,,,,,,,
日高川町,14,グリーンパーク椿山公衆トイレ,日高川町初湯川1881-3,終日,,,,10,,,,,,,,,,,,1,1,フック/他,,,,,,2,,フック,,,,,,
日高川町,15,浪瀬公衆トイレ,日高川町初湯川1949-1,終日,,,,15,1,,,,,,,1,かんい式,2,1,,2,棚,,,,2,1,,,棚/フック,,,,,,
日高川町,16,猪谷パーク公衆トイレ,日高川町初湯川1737,終日,,,2,28,1,,,,1,1,,,,,,1,2(1),棚/フック,,,,1(1),,1(1),,棚/フック,,,,,,
日高川町,17,かわべ天文公園駐車場公衆トイレ,,,,,,,,,,,,,,,,,,,,,,,,,,,,,,,,,,
日高川町,18,かわべ天文公園コスモポート公衆トイレ,,,,,,,,,,,,,,,,,,,,,,,,,,,,,,,,,,
日高川町,19,かわべ天文公園コスモポート観星棟公衆トイレ,,,,,,,,,,,,,,,,,,,,,,,,,,,,,,,,,,
日高川町,20,愛徳荘公衆トイレ,,,,,,,,,,,,,,,,,,,,,,,,,,,,,,,,,,
日高川町,21,愛徳荘ログハウス公衆トイレ,,,,,,,,,,,,,,,,,,,,,,,,,,,,,,,,,,
田辺市,1,奥熊野古道本宮公衆トイレ,田辺市本宮町伏拝,終日,,,,,1,,,,,,,1,簡易型,1(1),1,1(1),4(1),フック,,,1,1,1,4,,フック,,,,トイレ内中央にオストメイト1,,
田辺市,2,発心門公衆トイレ（休憩所）,田辺市本宮町三越,終日,,,,,1,,,,1,,,,,1,,1,2(1),フック,,,,1,,2,,フック,,,,,,
田辺市,3,伏拝公衆トイレ（休憩所）,田辺市本宮町伏拝,終日,,,,,,,,,,,,,,1,,1,2(1),,,,,1,,2,,フック,,,,,,
田辺市,4,八木尾公衆トイレ,田辺市本宮町切畑,終日,,,,,,,,,,,,,,,,1,2,フック,,,,1,,1,,フック,,,,,,
田辺市,5,船玉広場（赤木越入口）公衆トイレ,田辺市本宮町三越,終日,,,,,,,,,,,,,,,,1,1,フック,,,,,,2,,フック,,,,,,
田辺市,6,湯峯公衆トイレ（県立）,田辺市本宮町湯峯,終日,,,,,1,,,,1,,,,,,,1,2(1),フック,,,,,,2,,棚/フック,,,,,,
田辺市,7,請川公衆トイレ（県立）,田辺市本宮町請川,終日,,,,,1,,,,1,,,,標準型,,,1(1),2(1),フック,,,,1(1),,2(2),,棚/フック,,1,,,,
田辺市,8,扇ヶ浜海岸駐車場公衆トイレ,,,,,,,1,,,,,,,1,簡易型,,,1,2,,,,,,,1,,,,,,,,
田辺市,9,川湯公衆トイレ,田辺市本宮町川湯,終日,,,,,,,,,,,,,,,,1,1,,,,,,,,,,,,,男女兼用,,
田辺市,10,新川湯広場公衆トイレ,田辺市本宮町川湯,終日,,,,,1,,,,1,,,1,簡易型,,,1,1,フック,,,,1,1,1,,フック,,,,,,
田辺市,11,芳養公園公衆トイレ,,,,,,,1,,,,,,,1,1,,,1,1,,,,,,,1,,,,,,,,
田辺市,12,小雲取公衆トイレ（県立）,田辺市本宮町皆瀬川,終日,,,,,,,,,,,,,,1,,,,,,,,,,,,,,,,,,
田辺市,13,音無川公衆トイレ,田辺市本宮町本宮,終日,,,,,1,,,,1,,,1,標準型,,,1,2(1),フック,,,,1,1,1,,フック,,,,男女兼用,,
田辺市,14,水呑王子公衆トイレ,田辺市本宮町三越,終日,,,,,,,,,,,,,標準型,1,1,,,他,,,,,,,,,,,,男女兼用,,
田辺市,15,世界遺産熊野本宮館公衆トイレ（北・南館）,田辺市本宮町本宮,9：00～17：00,56,,2,,2,,,,,,,1,標準型,4,4,,7(2),フック,,,,8,1,,,フック,,,,,,
田辺市,16,滝尻公衆トイレ,田辺市中辺路町栗栖川,終日,,,,,1,,,,,,,1,簡易型,,,1,,フック,,,,1,1,1,,フック,,,1,,,
田辺市,17,牛馬童子公衆トイレ,田辺市中辺路町近露,終日,,,,,1,,,,,,,,,,,1,3,,,,,3,1,4,,フック,,,1,女性用の温水洗浄便座は洋のみ,,
田辺市,18,中辺路新滝尻公衆トイレ,田辺市中辺路町栗栖川,終日,,,,,1,,,,1,,,1,1,1,1,,3(1),フック,,,,2,1,1,,フック,,1,,,,
田辺市,19,水上公衆トイレ,田辺市中辺路町水上,終日,,,,,1,,,,,,,1,,1,,1,3(1),フック,,,,1,1,4,,棚,,,1,,,
田辺市,20,真砂公衆トイレ,田辺市中辺路町真砂,終日,,,,,,,,,,,,,,,,1(1),1(1),棚,,,,1,1,2,,棚,,,,,,
田辺市,21,野中公衆トイレ,田辺市中辺路町野中,終日,,,,,1,,,,,,,1,簡易型,,,1,1,フック,,,,1,1,2,,フック,,,,女性用の温水洗浄便器は洋のみ,,
田辺市,22,小広公衆トイレ,田辺市中辺路町野中,終日,,,,,1,,,,,,,,,,,1,1(1),棚,,,,,,,,,,,,男女兼用,,
田辺市,23,新近露王子公衆トイレ,田辺市中辺路町近露,終日,,,,,1,,,,,1,,,簡易型,,,1(1),2(1),棚/フック,,,,,,2(2),,棚/フック,,,,隣に足湯あり（年末除く１１：００～１６：００）,,
田辺市,24,近露公衆トイレ,田辺市中辺路町近露,終日,,,,,1,,,,,,,1,簡易型,1(1),1,1(1),5(2),フック,,,1,1(1),1,3,,フック,,,1,,,
田辺市,25,十丈王子公衆トイレ,田辺市大内川,終日,,,,,,,,,,,,,,2(2),,,,他,,,,,,,,,,,,男女兼用,,
田辺市,26,乙女の湯公衆トイレ,田辺市下川下,終日,,,,,,,,,,,,,,,,1(1),1,フック,,,,1(1),1,1,,フック,,,,,,
田辺市,27,ふるさとセンター大塔公衆トイレ,田辺市鮎川,終日,,,,,1,,,,,,,1,簡易型,,,1,1,棚,,,,,,,,,,,,男女兼用,,
田辺市,28,三軒茶屋公衆トイレ,,,,,,,,,,,,,,,,2,,,,,,,,,,,,,,,,男女兼用,,
田辺市,29,道の駅「田辺市龍神ごまさんスカイタワー」公衆トイレ,奈良県吉野郡十津川村大字杉清地内,終日,,,,,1,,,,,,,1,1,1,1,,3,棚/フック,,,,2,1,1(1),,棚/フック,,,,,,
田辺市,30,大熊公衆トイレ,田辺市龍神村龍神,終日,,,,,,,,,,,,,,,,1,3,,,,,,,4,,,,,,,,
田辺市,31,皆瀬公衆トイレ,田辺市龍神村龍神,終日,,,,,,,,,,,,,,,,2,4,,,,,,,4(1),,,,,,,,
田辺市,33,紀の国新王子公衆トイレ,田辺市龍神村龍神,終日,,,,,1,,,,,,,1,簡易型,,,1,2,フック,,,,1,1,1,,フック,,,,,,
田辺市,34,龍神温泉公衆トイレ,田辺市龍神村龍神59,終日,,,,,1,,,,1,,,1,簡易型,1(1),1,1(1),3(1),棚/フック,,,,2,1,2,,フック,,,,棚小さい、女性用の温水洗浄便座は洋に１つのみ,,
田辺市,35,殿原公衆トイレ,田辺市龍神村殿原1286-2,終日,,,,,1,,,,,,,1,1,1,1,1,1,,,,,,,,,,,,,男女兼用、温水洗浄便座は動かない,,
田辺市,36,古道ヶ丘公衆トイレ,,,,,,,,,,,,,,,,1,1,,2,,,,,2,2,,,,,,,,,
田辺市,37,虎ヶ峰公衆トイレ,田辺市龍神村柳瀬上笹ノ川1695-29,終日,,,,,1,,,,,,,1,,1,1,,2,フック,,,,1,1,1,,フック,,,,,,
田辺市,38,小菅公衆トイレ,田辺市龍神村福井,終日,,,,,1,,,,,,,1,,,,1,3,他,,,,1,1,2,,フック,,,,女性用の温水洗浄便座は洋にのみ、フックは和のみ、個室外にベビーベッドあり,,
田辺市,39,小家谷口公衆トイレ,田辺市龍神村小家,終日,,,,,1,,,,,,,1,,,,1,,他,,,,,,,,,,,,男女兼用,,
田辺市,40,小家公衆トイレ,田辺市龍神村小家673,終日,,,,,,,,,,,,,,,,1,2,フック,,,,,,,,,,,,男女兼用,,
田辺市,41,田辺梅林公衆トイレ,田辺市上芳養石神,終日,,,,,1,,,,,1,,1,標準型,1(1),1,,1,フック,,,,1(1),1,,,棚/フック,,,,,,
田辺市,42,高山寺公衆トイレ,田辺市稲成町392,終日,,,,,1,,,,1,,,1,,,,1(1),2(1),フック,,,,1(1),1,1(1),,フック,,,,,,
田辺市,43,ひき岩群国民休養地公衆トイレ,田辺市稲成町字動鳴気1627-1,終日,,,,,1,,,,,,,,,,,1,2,,,,,,,2,,棚/フック,,,,,,
田辺市,44,近畿自然歩道奇絶峡公衆トイレ,田辺市上秋津1416,終日,,,,,1,,,,1,,,,,,,1(1),1(1),棚/フック,,,,,,1(1),,フック,,,,,,
田辺市,45,紀州備長炭記念公園,田辺市秋津川1491-1,終日,,,,,1,,,,,,,1,標準型,1,1,1,4(1),フック,,,,2,1,3(1),,フック,,,,,,
田辺市,46,百間山公衆トイレ,,,,,,,1,,,,,,,1,,,,1,1,,,,,,,1,,,,,,,,
田辺市,47,三越峠公衆トイレ,田辺市中辺路町道湯川,8:00～17:00,,,,,,,,,,,,,,1(1),,,,棚,,,,1,,,,棚,,,,,,
田辺市,48,天神崎元島防波堤前公衆トイレ,田辺市目良１５００－３,終日,,,,,1,,,,1,,,1,1,,,1,1,フック,,,,,,1,,フック,,,,,,
田辺市,49,天神崎丸山灯台前公衆トイレ,田辺市天神崎１４６２,終日,,,,,1,,,,1,,,1,1,,,1,1,フック,,,,,,1,,フック,,,,,,
田辺市,50,三川公衆トイレ,田辺市合川６３７－１６,終日,,,,,1,,,,,,,,,,,1,1,フック,,,,,,,,,,,,男女兼用,,
田辺市,51,JR紀伊田辺駅公衆トイレ,,,,,,,1,,,,,,,1,1,1,1,,3,,,,,2,2,1,,,,,,,,
白浜町,1,崎の湯公衆トイレ,,,,,,,1,,,,,,,1,,1,1,,2,,,,,1,1,1,,,,,,,,
白浜町,2,JR紀伊富田駅前公衆トイレ,,,,,,,1,,,,,,,1,1,1,1,,2,,,,,2,2,,,,,,,,,
白浜町,3,大辺路街道休息所公衆トイレ,,,,,,,1,,,,,,,1,1,,,,1,,,,,1,1,,,,,,,オストメイト簡易、多目的と男性兼用,,
白浜町,4,安居辻松峠公衆トイレ,,,,,,,,,,,,,,,,1,,1,,,,,,,,,,,,,,男女兼用,,
白浜町,5,白良浜公衆トイレ（たこ公園前）,白浜町864,終日,,,,,1,,,,,,,1,かんい式,,,1,2,フック,,,,1,1,1,,,,,,,,
白浜町,6,向平キャンプ場公衆トイレ,,,,,,,1,,,,,,,1,,1,1,2,5,,,,,1,1,5,,,,,,,,
白浜町,7,白良浜公衆トイレ（薬師堂前）,白浜町3121-8,終日,,,,,1,,,,,,,,,,,2,5(1),棚,,,,1,1,1,10,棚(洋),,,,女性トイレ、赤ちゃん寝かせられる,,
白浜町,8,体験型観光交流施設公衆トイレ,,,,,,,,,,,,,,,,1,1,,1,,,,,1,1,1,,,,,,,,
白浜町,9,平草原公園公衆トイレ,白浜町2054-1,8：30～17：00,,,2,60,1,,,,,,,1,1,1,1,1,5,フック/他,,,,2,1,4,,フック,,,,,,
白浜町,10,JR椿駅公衆トイレ,白浜町椿330-4,終日,,,,10,1（1）,,,,,,,1,1,,,1(3),1,フック,,,,,,1,,棚/フック,,,,,,
白浜町,11,千畳敷公衆トイレ,白浜町2927-75,終日,,,,60,1,,,,,,,1,,,,1,3,棚/フック,,,,1,1,3,,フック,,,,,,
白浜町,12,三段壁公衆トイレ（展望台前）,白浜町2927-1823,終日,,,,30,1,,,,,,,1,,1(1),1,2,5(1),フック/他,,,,2,1,4,,フック,,,,,,
白浜町,13,三段壁公衆トイレ（駐車場）,白浜町2927-317,終日,,,,30,1,,,,,,,1,1,,,,2,,,,,,,1,,棚,,,,,,
白浜町,14,道の駅 志原海岸公衆トイレ,白浜町日置2039-73,終日,,,4,60,1,,,,1,,,1,かんい式,1(1),1,1,5(1),棚/フック/他,,,,4(2),1,1,,棚,,,1,,,
白浜町,15,江津良公衆トイレ,白浜町　（江津良海水浴場内）,終日,,,,,1,,,,1,1,,1,かんい式,1,1,,2(1),フック/他,,,,1,1,1,,フック,,,,,,
白浜町,16,JR白浜駅公衆トイレ,白浜町堅田1475,終日,,,2,30,1,,,,1,,,,,,,2,3,棚/フック,,,,,,3,,,,,,,,
白浜町,17,白鳥公園公衆トイレ,白浜町十九渕274-5,終日,,,,,1,,,,,,,1,,1(1),1,,2(1),フック,,,,2,1,,,フック,,,,,,
白浜町,18,近畿自然歩道富田公衆トイレ,白浜町富田1206-1,8：45～19：30,,,1,10,1,,,,1,1,,1,1,1(1),1,,2(1),フック/他,,,,1,1,1,,,,1,,,,
白浜町,19,椿はなの湯,白浜町椿1058-1,外、終日,,,2,15,1,,,,,,,1,1,1(1),1,,2(1),フック,,,,2,1,,,フック,,,,中：9：00～21：00(3月～10月）、9：00～20：00（11月～2月）,,
白浜町,20,綱不知公園公衆トイレ,白浜町1162-48,終日,,,,1,,,,,,,,,,1(1),,,1(1),フック,,,,,,,,,,,,兼用/3月まで工事予定,,
白浜町,21,臨海浦公衆トイレ,白浜町3603,終日,,,,,,,,,,,,,,,,1,3,フック,,,,,,2,,,,,,,,
白浜町,22,臨海公衆トイレ,白浜町508,終日,,50,,50,1,,,,,,,1,1,,,1,3,フック/他,,,,1,,3,,フック,,,,3時間まで300円,,
白浜町,23,つくもと公衆トイレ,白浜町3079-20,終日,,,,,1,,,,1,1,,1,1,,,1(1),3(1),フック/他,,,,1,1,1,,フック/他,,,,,,
白浜町,24,JR紀伊日置駅公衆トイレ,白浜町矢田159-2,終日,,,2,10,2,,,,,,,1,かんい式,1,1,,1(1),フック,,,,,,,,,,,,女性、多目的兼用,,
上富田町,1,若もの広場公衆トイレ,上富田町市ノ瀬2504,8：45～19：30,,,,,1,,,,,,,1,標準型,,,1,2(1),他,,,,,,2,,フック,,,,,,
上富田町,2,彦五郎公園公衆トイレ,上富田町生馬523-3,8：45～19：30,,,,,1,,,,,,,1,,,,1,2,フック,,,,,,2,,フック,,,,,,
上富田町,3,市ノ瀬小山公衆トイレ,,,,,,,1,,,,,,,1,1,,,,1,,,,,1,1,1,,,,,,多目的と男性兼用,,
上富田町,4,稲葉根王子公衆トイレ,上富田町岩田,終日,,,,,,,,,,,,,,1,,2,1,棚/フック,,,,,,,,,,,,男女兼用,,
上富田町,5,八上王子公衆トイレ,上富田町岡1383,終日,,,,,1,,,,1,1,,1,1,1(1),,,2(1),フック,,,,1,,1,,棚,,,,,,
上富田町,6,生馬公衆トイレ,上富田町生馬,終日,,,,,1,,,,1,1,,,標準型,1(1),,,2(1),フック,,,,1(1),,1(1),,フック,,,,,,
上富田町,7,道の駅「くちくまの公衆館」公衆トイレ,,,,,,,1,,,,,,,1,1,1,1,1,5,,,,,8,8,3,,,,,,,,
上富田町,8,JR朝来駅前,上富田町朝来,,,,,,1,,,,,,,1,1,1,1,,2,,,,,1,1,1,,,,,,,,
すさみ町,1,日本童謡の園,すさみ町江住字崎山142,終日,,,,,1,,,,,,,,,,,1,4,フック,,,,,,4,,フック,,,,,,
すさみ町,2,すさみ海水浴場公衆トイレ,すさみ町周参見東浜4581-1,終日,,,,,1,,,,,,,,,,,1(1),2(1),フック,,,,,,3,,フック,,,,,,
すさみ町,3,道の駅イノブータンランドすさみ公衆トイレ,すさみ町見老津1-32,終日,,,,,1,,,,,,,,標準型,,,,4(1),フック,,,,1,,3,,フック,,,,,,
すさみ町,4,熊野古道和深川公衆トイレ,すさみ町口和深258,終日,,,,,1,,,,,,,1,,,,1,1,,,,,,,,,,,,,男女兼用,,
すさみ町,5,熊野古道見老津公衆トイレ,すさみ町見老津27-2,終日,,,,,1,,,,,,,1,,,,1,1,,,,,,,,,,,,,男女兼用,,
すさみ町,6,JR周参見駅公衆トイレ（町民コミュニティプラザ）,,,,,,,1,,,,,,,1,,1,1,,2,,,,,1,1,1,,,,,,,,
すさみ町,7,すさみ町総合センター公衆トイレ,,,,,,,3,,,,,,,3,1,3,3,2,11,,,,,4,4,3,,,,,,,,
すさみ町,8,古座街道（佐本）公衆トイレ,,,,,,,1,,,,,,,1,1,,,,2,,,,,,,,,,,,,多目的と兼用,,
すさみ町,9,若者ひろば公衆トイレ,,,,,,,1,,,,,,,1,,,,1,2,,,,,2,2,1,,,,,,,,
新宮市,1,浮島の森公衆トイレ,新宮市浮島3-8,9：00～16：00,,,,,1,,,,,,,1,標準型,,,1,3,,,,,1,1,1,,,,,,,,
新宮市,2,徐福公園公衆トイレ,新宮市徐福1-4-24,9：00～18：00,,,,,1,,,,,,,1,標準型,,,1,3,棚/フック,,,,1,1,1,,フック,,,,,,
新宮市,3,高野坂公衆トイレ,新宮市広角,終日,,,,,1,,,,,,,1,簡易型,,,,1(1),,,,,,,,,,,,,男女兼用,,
新宮市,4,熊野速玉神社駐車場トイレ,新宮市新宮1番地,終日,,,,,,,,,,,,,,1,1,,6,フック,,,,2,1,2,,フック,,,,,,
新宮市,5,丹鶴城公衆トイレ,新宮市丹鶴,終日,,,,,,,,,,,,,,1,1,,3,フック,,,,1,1,1,,フック,,,1,,,
新宮市,6,黒潮公園公衆トイレ（1）（三輪崎側）,新宮市佐野上地,終日,,,,,1,,,,,1,,1,,,,1(1),1(1),フック,,,,,,,,,,,,男女兼用,,
新宮市,7,黒潮公園公衆トイレ（2）（佐野側）,新宮市佐野上地,終日,,,,,1,,,,,1,,1,,,,,1(1),,,,,,,,,,,,,男女兼用,,
新宮市,8,道の駅公衆トイレ「瀞峡街道・熊野川」,新宮市熊野川町田長,,13,,2,,1,,,,,1,,1,標準型,1(1),1,1(1),3(1),,,,,3(1),1,1(1),,,,,1,,,
新宮市,9,小和瀬公衆トイレ,新宮市熊野川町長井,終日,,,,,1,,,,,,,1,標準型,,,1,2(1),フック,,,,,,1,,フック,,,,,,
新宮市,10,まちなか観光情報センター公衆トイレ,,,,,,,1,,,,,,,1,,,,,,,,,,,,,,,,,,,,
新宮市,11,小口自然の家トイレ,新宮市熊野川町上長井398 ,終日,,,,,,,,,,,,,,1,1,,,他,,,,1,1,1,,,,,,,,
新宮市,12,小口キャンプ場,新宮市熊野川町西 ,終日,,,,,1,,,,,,,,,,,2,4,フック,,,,,,4,,フック,,,,,,
新宮市,13,三輪崎漁港交流施設,新宮市三輪崎1丁目,10：00～17：00,,,,,1,,,,,,,1,,,,,1(1),,,,,,,,,,,,,多目的を男女で兼用,,
新宮市,14,神倉神社公衆トイレ,新宮市神倉1-13-8,終日,,,,,,,,,,,,,,,,1(1),2,,,,,,,,,,,,,男女兼用,,
新宮市,15,高田グリーンランドトイレ,,,,,,,,,,,,,,,,7,6,,10,,,,,8,6,,,,,,,,,
新宮市,16,新宮港緑地公衆トイレ,,,,,,,,,,,,,,,,,,,,,,,,,,,,,,,,,,
新宮市,17,JR三輪崎駅公衆トイレ,新宮市三輪崎1-5-30,終日,,,,,1,,,,,1,,1,,,,,1(1),,,,,,,,,,,,,男女兼用,,
新宮市,18,JR紀伊佐野駅公衆トイレ,新宮市佐野3-9-2,終日,,,,,1,,,,,1,,1,,,,,1(1),,,,,,,,,,,,,男女兼用,,
那智勝浦町,1,那智山表参道公衆トイレ,那智勝浦町那智山137,終日,,,,,1,,,,1,,,,,1,,,3(1),,,,,1,,1(1),,,,,,,,
那智勝浦町,2,那智山滝前公衆トイレ,那智勝浦町那智山3-15,終日,,,,,1,,,,,,,,,,,1,3(1),フック,,,,2,,1,,棚/フック,,,,棚は洋式1室のみ,,
那智勝浦町,3,道の駅なち公衆トイレ,那智勝浦町浜の宮361-2,終日,,,,,1,,,,1,1,1,1,標準型,1(1),1,1(1),5(1),棚/フック,,洋に1,,4(4),1,1(1),,棚/フック,,,,,,
那智勝浦町,4,大門坂駐車場公衆トイレ,那智勝浦町市野々3034-2,終日,,,,,1,,,,1,1,,1,標準型,1,1,1,3(1),棚/フック,,,,2,,1,,棚/フック,,,,棚は洋室のみ,,
那智勝浦町,5,那智山・熊野交通（駐車場）,那智勝浦町那智山442-2,8：00～16：30,,,,,,,,,,,,,,1,,,2,,,,,1,,4,,フック,,,,,,
那智勝浦町,6,朝日公園公衆トイレ（若者広場）,,,,,,,,,,,,,,,,,,,,,,,,,,,,,,,,,,
那智勝浦町,7,円満地公園公衆トイレ,那智勝浦町大野216,終日,,,,,,,,,,,,,,,,3(1),4,フック,,,,,,6(1),,フック,,,,,,
那智勝浦町,8,木戸浦グランド場公衆トイレ,那智勝浦町天満字木戸浦,終日,,,,,,,,,,,,,,1(1),1,,1(1),,,,,1(1）,1,,,,,,,,,
那智勝浦町,9,バースハウス公衆トイレ（ブルービーチ那智）,那智勝浦町浜ノ宮100-1,終日,,,,,1,,,,,,,,,,,1,2,フック,,,,1,,1,,棚/フック,,,,,,
那智勝浦町,10,JR紀伊勝浦駅前公衆トイレ,那智勝浦町築地,終日,,,,,1,,,,1,,,1,,1,1,1,3,フック,,,,1,1,1,,フック,,,,,,
那智勝浦町,11,海乃湯公衆トイレ（足湯）（勝浦漁港休憩所施設）,那智勝浦町築地7-1181-442,終日,,,,,1,,,,,,,,,,,,1,,,,,,,,,,,,,,,
那智勝浦町,12,バスターミナル公衆トイレ,那智勝浦町築地2-3-30,終日,,,,,1,,,,,,,1,標準型,,,1,3,棚/フック,,,,2,,1,,フック,,,,,,
那智勝浦町,13,渡の島公衆トイレ,那智勝浦町勝浦485-12,終日,,,,,1,,,,,,,,,,,1(1),2(12),フック,,,,,,2(1),,フック,,,,,,
那智勝浦町,14,下里天満海岸新公衆トイレ,那智勝浦町下里,終日,,,,,1,,,,,,,1,,,,1,1,棚,,,,,,,,,,,,,,
那智勝浦町,15,市屋,那智勝浦町市屋,終日,,,,,,,,,,,,,,,,1,,フック,,,,,,1,,フック,,,,,,
那智勝浦町,16,大戸平公衆トイレ,那智勝浦町口色川,終日,,,,,,,,,,,,,,,,2,,,,,,,,,,,,,,,,
那智勝浦町,17,地蔵茶屋公衆トイレ,那智勝浦町口色川3796-1,終日,,,,,,,,,,,,,,,,1,2,フック,,,,,,2,,フック,,,,,,
那智勝浦町,18,JR浦神駅公衆トイレ,那智勝浦町浦神375-6,終日,,,,,,,,,,,,,,1,,,1,,,,,,,,,,,,,男女兼用,,
那智勝浦町,19,JR下里駅公衆トイレ,那智勝浦町下里662,終日,,,,,,,,,,,,,,1,,,1,,,,,,,,,,,,,男女兼用,,
那智勝浦町,20,JR宇久井駅公衆トイレ,那智勝浦町宇久井62-4,終日,,,,,1,,,,1,,,1,標準型,1,1,1,2,,,,,,,,,,,,,男女兼用,,
那智勝浦町,21,JR湯川駅公衆トイレ,那智勝浦町湯川1596-16,終日,,,,,,,,,,,,,,1,1,,3,フック,,,,,,,,,,,,,,
太地町,1,JR太地駅公衆トイレ,太地町森浦241-1,終日,,,,,1,,,,1,,,1,,1,1,,2,棚/フック,,,,2,1,,,棚/フック,,,,棚小さいサイズあり,,
太地町,2,常渡公衆トイレ,太地町太地2904-2,終日,,,,,1,,,,1,,,1,,2(1),1,,4(1),フック,,,,4(1),1,,,棚/フック,,,,棚中サイズあり,,
太地町,3,くじら浜海水浴場公衆トイレ（畠尻海水浴場管理棟）,太地町太地2944-9,終日,,,,,,,,,,,,,,2(1),1,,2(1),フック,,,,4(1),1,,,フック,,,1,,,
太地町,4,捕鯨船隆場公衆トイレ,太地町太地2934-2,終日,,,,,1,,,,1,1,,1,標準型,1,1,,2(1),棚/フック,,,1,2,1,,,棚/フック,,,1,,,
太地町,5,地藏院前公衆トイレ,,,,,,,1,,,,,,,,1,1,1,,1,,,,,1,1,,,,,,,,,
太地町,6,太地漁港公衆トイレ,太地町太地,終日,,,,,1,,,,,,,1,1,2,1,,3(1),フック,,,,3,1,,,フック,,,,,,
太地町,7,太地公園公衆トイレ,太地町太地571-1,終日,,,,,1,,,,,,,1,,1,1,,1,他,,,,1,1,,,他,,,,,,
太地町,8,燈明崎公園公衆トイレ,太地町太地153-3,終日,,,,,1,,,,,,,1,,1,1,,1,他,,,,1,1,,,他,,,,,,
太地町,9,燈明崎公衆トイレ,太地町太地115-5,終日,,,,,1,,,,1,1,,1,標準型,1(1),1,,,フック,,1,,2(2),,,,棚/フック,,,洋室1,,,
太地町,10,梶取崎公衆トイレ,太地町太地1430-1,終日,,,,,1,,,,1,,,1,標準型,2,1,,3(1),フック,,,洋室1,3,,,,フック,,,洋室1,,,
太地町,11,平見台園地公衆トイレ,太地町太地1770-30,終日,,,,,1,,,,1,,,1,,1（１）,1,,2(1),他,,,,2(2),1,,,他,,,,,,
太地町,12,夏山園地公衆便所,太地町太地2904－1,終日,,,,,1,,,,1,,,1,標準型,1,1,,2(1),フック,,,,2,1,,,フック,,,,,,
太地町,13,太地漁港施設内公衆便所,太地町太地3393－4,終日,,,,,1,,,,1,1,,1,標準型,1(1),1,,1(1),フック,,,洋室1,1(1),1,,,フック,,,洋室1,,,
太地町,14,町民グラウンド前公衆トイレ,,,,,,,1,,,,,,,,1,1,1,,1,,,,,1,1,,,,,,,,,
古座川町,1,佐田さくらの公衆トイレ,古座川町佐田439,終日,,,,,1,,,,1,,,1,,,,1,2,フック,,,,,,2,,フック,,,,,,
古座川町,2,一枚岩公衆トイレ,古座川町相瀬286-1,終日,,,,,,,,,,,,,,1(1),1,1,4(1),フック,,,,2(1),1,1,,棚/フック,,,,,,
古座川町,3,道の駅「一枚岩」公衆トイレ,古座川町相瀬290-2,終日,,,,,1,,,,,,,1,標準型,1(1),1,,2(1),フック,,,,1(1),1,1(1),,棚/フック,,,1,,,
古座川町,4,道の駅「瀧の拝太郎」公衆トイレ,古座川町小川774番地,終日,,,,,1,,,,,1,,1,標準型,1(1),1,,2(1),棚/フック,,,,1(1),1,1(1),,棚/フック,,,1,,,
古座川町,5,月野瀬公衆トイレ（古座川町公衆トイレ）,古座川町月野瀬139,終日,,,,,1,,,,,,,1,標準型,1,1,,2(1),フック,,,,1,1,1,,フック,,1,,,,
古座川町,6,おおじゃの森公衆トイレ,古座川町佐田439,終日,,,,,1,,,,1,,,1,,1(1),,,2(1),フック,,,,1(1),,1(1),,フック,,,,,,
古座川町,7,鶴川公園公衆トイレ,古座川町鶴川,終日,,,,,1,,,,,1,,1,,,,1(1),,フック,,,,,,,,,,,,男女兼用,,
古座川町,8,平井公衆トイレ,古座川町平井地内,,,,,,1,,,,,,,,,,,,1,,,,,1,,,,,,,,多目的と男性兼用,,
古座川町,9,道の駅「虫喰岩」公衆トイレ,古座川町池野山705-1,終日,,,,,1,,,,1,1,,1,標準型,1,,,2(1),フック,,,1,2,1,1,,棚/フック,,,1,,,
北山村,1,小松口園地公衆トイレ,北山村小松114-2,終日,,,,,1,,,,,,,,,,,1,3(1),フック,,,,1,,2,,フック,,,,,,
北山村,2,オトノリ園地公衆トイレ（七色宮井線車道公衆便所）,北山村下尾井715-3,終日,,,,,1,,,,,,,,,,,1,2(1),フック,,,,,,2(2),,フック,,,,,,
北山村,3,道の駅「おくとろ」公衆トイレ,北山村下尾井335,終日,,,,,1,,,,,,,1,,2,1,1,6(1),他,,,,3,1,2,,フック,1,,,,,
北山村,4,七色公園公衆トイレ（七色狭野営場公衆便所）,北山村七色356,終日,,,,,1,,,,1,,,,,,,2(2),3(1),フック,,,,,,3(3),,フック,,,,,,
北山村,5,北山村テニスコート公衆トイレ,,,,,,,,,,,,,,,,2,2,,2,,,,,3,3,,,,,,,,,
北山村,6,北山村オートキャンプ場公衆トイレ,,,,,,,,,,,,,,,,3,3,,3,,,,,3,3,,,,,,,,,
串本町,1,樫野駐車場公衆トイレ,串本町樫野,終日,,,,,1,,,,1,,,1,,1(1),1,1,4(1),フック,,,洋室1,2,,3,,フック,,,洋室1,,,
串本町,2,樫野埼灯台前公衆トイレ,串本町樫野,終日,,,,,1,,,,1,,,,,,,1,1(1),フック,,,,,,1,,フック,,,,,,
串本町,3,日米修交記念館駐車場公衆トイレ,串本町樫野,終日,,,,,1,,,,,,,,,,,1,3,フック,,,,1,,2,,フック,,,,,,
串本町,4,ポケットパーク公衆トイレ,串本町大島385-1,終日,,,,,1,,,,1,,,1,,,,1,1,フック,,,,,,1,,フック,,,,,,
串本町,5,潮岬灯台前公衆トイレ,串本町潮岬御岬2876-1,終日,,,,,1,,,,,1,,,,,,1,3(1),棚/フック,,,,,,3,,フック,,,,,,
串本町,6,潮岬タワー横公衆トイレ,串本町潮岬楠平見2706-30,終日,,,,,1,,,,,,,,,,,2,3,フック,,,,1,,,,フック,,,,,,
串本町,7,馬坂園地公衆トイレ（潮岬周回線（島坂）,串本町串本字片江生1727-1,終日,,,,,1,,,,,,,,,,,1,2,フック,,,,1,,1,,フック,,,,,,
串本町,8,橋杭園地公衆トイレ（橋杭小学校側）,串本町串本2000-12,終日,,,,,,,,,,,,,,,,2,,,,,,,,4,,他,,,,,,
串本町,9,橋杭海水浴場売店公衆トイレ,串本町鬮野川1597,9：00～17：00,100,,1,,1,,,,1,,,1,,,,1,1,フック,,,,,,1,,フック,,,,,,
串本町,10,道の駅「くしもと橋杭岩」公衆トイレ,串本町鬮野川1582,終日,,,,,1,,,,1,,,1,標準型,2,1,1(1),7(2),フック,,,,7(7),1,1(1),,棚/フック,,,1,,,
串本町,11,あらふね公衆トイレ（下田原漁港休憩所）,串本町田原,終日,,,,,1,,,,,,,1,,,,1,2,フック,,,,1,,2,,フック,,,,,,
串本町,12,重畳山公衆トイレ,串本町神野川字西谷579-1,終日,4,,,,1,,,,,,,1,,,,1,2,フック,,,,1,,2,,フック,,,,,,
串本町,13,水門まつり公衆トイレ,串本町1557-20,9：00～21：00,,,,,1,,,,,,,1,,1,1,1,4,,,,,4,4,1,,,,,,,,
串本町,14,トルコ記念館公衆トイレ,串本町樫野1025-26,9：00～17：00,,,,,,,,,,,,,,1,1,,1,,,,,1,1,,,,,,,,,
串本町,15,樫野つり公園センター内公衆トイレ,樫野1021-13,8：00～16：00,,,,,1,,,,,,,1,,1,1,2,3,,,,,1,1,,,,,,,,,
串本町,16,JR古座駅前公衆トイレ,串本町西向232,,,,,,,,,,,,,,,1,1,2,3,,,,,,,,,,,,,男女兼用,,
串本町,17,JR串本駅前公衆トイレ,串本町串本33-2,,,,,,1,,,,,,,,,1,1,1,2,,,,,1,1,1,,,,,,,,
