観光地の公衆トイレ一覧,,,,,,,,,,,,,,,,,,,,,,,,,,,,,,,,,,,,,,,,,,,,,,,,,
,,,,,,,,,,,,,,,,,,,,,,,,,,,,,,,,,,,,,,,,,,,,,,,,,
Ｎｏ,名称,市町村名,住所,利用時間,駐車場台数,,形式,便器数,,,,,,,,,,多目的（障害者用）トイレ,,,,,,,,,,設　　　備,,,,,,,近隣の観光スポット,特記事項,,,,,,,,,,,,,
,,,,,一般,障害者用,,男性用,,,女性用,,兼用,,子供用,,うちｳｫｼｭﾚｯﾄ,手すり,段差解消,レバー,非常ボタン,ドア形態,"内部ｽﾍﾟｰｽ
ｍ×ｍ",移乗方向,ｳｫｼｭﾚｯﾄ,介護ベッド,オストメイト,蛇口,温風乾燥機,休憩スペース,荷物台・棚,フック,乳幼児イス,乳幼児ベッド,,,,,,,,,,,,,,,
,,,,,,,,洋,和,小,洋,和,洋,和,大,小,,,,,,,,,,,,,,,,,,,,,,,,,,,,,,,,,
1,友ヶ島野奈浦公衆トイレ,和歌山市,和歌山市加太字笘ヶ沖島2673-3,終日,,,バイオ式,,2,3,,3,,,,,,○,○,手動式,○,引き戸式,4.8㎡,前方から,,,,手動式,,,,,,,友ヶ島,,,,,,,,,,,,,,
2,友ヶ島南垂水公衆トイレ,和歌山市,和歌山市加太字笘ヶ沖島2673-1,終日,,,バイオ式,,,1,,,,1,,,,,,,,,,,,,,手動式,,,,,,,友ヶ島,,,,,,,,,,,,,,
3,友ヶ島池尻公衆トイレ,和歌山市,和歌山市加太字笘ヶ沖島2673-1,終日,,,バイオ式,,,1,,,,1,,,,,,,,,,,,,,手動式,,,,,,,友ヶ島,,,,,,,,,,,,,,
4,深山観光広場公衆トイレ,和歌山市,和歌山市深山105,終日,,,水洗式,,1,2,,2,,,,,,○,○,押ボタン式,○,引き戸式,45.70㎡,前方から,,,,手動式,,,,○,,,加太,,,,,,,,,,,,,,
5,加太大波止公衆トイレ,和歌山市,和歌山市加太118,終日,,,水洗式,,1,1,,3,,,,,,○,○,手動式,○,引き戸式,23.19㎡,前方から,,,,手動式,,,,○,,○,加太淡嶋神社,,,,,,,,,,,,,,
6,深山海岸公衆トイレ,和歌山市,和歌山市深山地内,終日,,,水洗式,,,1,,,,1,,,,○,○,手動式,○,引き戸式,14.19㎡,前方から,,,,手動式,,,,○,,○,加太,,,,,,,,,,,,,,
7,加太海岸公衆トイレ,和歌山市,和歌山市加太地先,終日,,,水洗式,,1,2,,1,,,,,,○,○,光感知式,○,引き戸式,37.77㎡,前方から,,,,手動式,,○,,○,○,○,加太海水浴場,,,,,,,,,,,,,,
8,磯の浦海水浴場公衆トイレ,和歌山市,和歌山市磯の浦379番地先,終日,,,水洗式,,3,5,,5,,,,,,○,○,光感知式,○,引き戸式,48.65㎡,前方から,,,,手動式,,,,○,○,○,磯の浦海水浴場,,,,,,,,,,,,,,
9,和歌浦公衆トイレ,和歌山市,和歌山市新和歌浦1-1,終日,,,水洗式,,1,3,,2,,,,,,○,○,光感知式,○,引き戸式,49.71㎡,向かって左から,,,,手動式,,,,○,○,○,和歌浦観光遊歩道路,,,,,,,,,,,,,,
10,加太船着場公衆トイレ,和歌山市,和歌山市加太地先,終日,,,汲み取り式,,,1,,,,2,,,,,,,,,,,,,,手動式,,,,,,,加太・友ヶ島,,,,,,,,,,,,,,
11,和歌山公園内西の丸公衆トイレ,和歌山市,和歌山市一番丁3番地,終日,59,1,水洗式,2,1,6,2,5,,,,1,,○,○,光感知式,○,引き戸式,1.9×2.3,向かって右から,,,,光感知式,,,,○,,○,和歌山城,,,,,,,,,,,,,,
12,和歌山公園内砂の丸公衆トイレ,和歌山市,和歌山市一番丁3番地,終日,59,1,水洗式,,1,2,,1,,,,,,,,,,,,,,,,手動式,,,,,,,和歌山城,,,,,,,,,,,,,,
13,和歌山公園内不明門公衆トイレ,和歌山市,和歌山市一番丁3番地,終日,59,1,水洗式,,,3,,,1,3,,,,○,○,手動式,,引き戸式,1.5×2.8,前方から,,,,手動式,,,,○,,,和歌山城,,,,,,,,,,,,,,
14,和歌山公園内動物園公衆トイレ,和歌山市,和歌山市一番丁3番地,終日,59,1,水洗式,,2,2,,3,,,,1,,,,,,,,,,,,手動式,,,,,,,和歌山城,,,,,,,,,,,,,,
15,和歌山公園内桜林（岡口門北）公衆トイレ,和歌山市,和歌山市一番丁3番地,終日,59,1,水洗式,,1,5,,4,,,,,,○,○,手動式,,引き戸式,2.1×2.1,前方から,,,,手動式,,,,○,,,和歌山城,,,,,,,,,,,,,,
16,和歌山公園内桃林（伏虎像東）公衆トイレ,和歌山市,和歌山市一番丁3番地,終日,59,1,水洗式,,1,2,,1,,,,,,,,,,,,,,,,手動式,,,,,,,和歌山城,,,,,,,,,,,,,,
17,和歌山公園内二の丸公衆トイレ,和歌山市,和歌山市一番丁3番地,終日,59,1,水洗式,,1,4,1,2,,,,,,,,,,,,,,,,手動式,,,,,,,和歌山城,,,,,,,,,,,,,,
18,和歌山公園内天守閣前広場公衆トイレ,和歌山市,和歌山市一番丁3番地,終日,59,1,水洗式,,1,3,1,1,,,,,,,,,,,,,,,,手動式,,,,,,,和歌山城,,,,,,,,,,,,,,
19,和歌山公園内天守閣中庭公衆トイレ,和歌山市,和歌山市一番丁3番地,"9：00
17：30",59,1,水洗式,1,1,5,1,5,,,,,,,,,,,,,,,,手動式,,,,,,,和歌山城,,,,,,,,,,,,,,
20,岡公園内北側公衆トイレ,和歌山市,和歌山市岡山丁3番地,終日,34,,水洗式,,1,2,,2,,,,,,,,,,,,,,,,手動式,,,,,,,和歌山城,,,,,,,,,,,,,,
21,岡公園内南西側公衆トイレ,和歌山市,和歌山市岡山丁3番地,終日,34,,水洗式,,,2,,,,1,,,,,,,,,,,,,,手動式,,,,,,,和歌山城,,,,,,,,,,,,,,
22,紀ノ川SA公衆トイレ(上り)メイン,和歌山市,和歌山県和歌山市北野,終日,193,4,水洗式,2,2,14,6,19,,,,2,8,○,○,レバー式,○,引き戸式,2.0×3.0,前方・右から,○,○,○,光感知式,○,○,○,○,○,○,和歌山城,平成21年6月店舗リニューアル,,,,,,,,,,,,,
23,紀ノ川SA公衆トイレ(上り)サブ,和歌山市,和歌山県和歌山市北野,終日,,,水洗式,1,1,3,1,4,,,,,2,,,,,,,,,,,光感知式,○,○,○,○,○,,和歌山城,,,,,,,,,,,,,,
24,紀ノ川SA公衆トイレ(下り)メイン,和歌山市,和歌山県和歌山市北野,終日,199,4,水洗式,2,2,14,6,19,,,,2,8,○,○,レバー式,○,引き戸式,2.0×3.0,前方・右から,○,○,○,光感知式,○,○,○,○,○,○,和歌山城,"平成19年10月店舗リニューアル
ドッグランあり",,,,,,,,,,,,,
25,紀ノ川SA公衆トイレ(下り)サブ,和歌山市,和歌山県和歌山市北野,終日,,,水洗式,1,1,3,1,4,,,,,2,,,,,,,,,,,光感知式,○,○,○,○,○,,和歌山城,,,,,,,,,,,,,,
26,マリーナシティー公衆トイレ,和歌山市,和歌山市毛見1538,終日,,,水洗式,1,2,6,6,2,,,,1,,○,○,押ボタン式,○,引き戸式,2.5×2.5,前方・右から,,,,光感知式,,,,○,○,,"マリーナシティー
黒潮市場",,,,,,,,,,,,,,
27,紀三井寺公園内テニスコート付近公衆トイレ,和歌山市,毛見200番,終日,500,7,水洗式,,3,4,,3,,,,,,○,○,手動式,,引き戸式,2.0×1.8,前方・左から,,,,手動式,,,,,,,"和歌山マリーナシティ
紀三井寺
浜ノ宮海水浴場",,,,,,,,,,,,,,
28,紀三井寺公園内児童公園付近公衆トイレ,和歌山市,毛見200番,終日,500,7,水洗式,,,3,,,,2,,,,,,,,,,,,,,手動式,,,,,,,"和歌山マリーナシティ
紀三井寺
浜ノ宮海水浴場",,,,,,,,水洗式,くつべら式,○,,,,
29,紀三井寺緑道亀の川付近公衆トイレ,和歌山市,毛見200番,終日,,,水洗式,,,2,,,,1,,,,,,,,,,,,,,手動式,,,,,,,"和歌山マリーナシティ
紀三井寺
浜ノ宮海水浴場",,,,,,,,汲み取り式,光感知式,×,,,,
30,紀三井寺公園陸上競技場内①,和歌山市,毛見200番,"9:00
17:00",500,7,水洗式,2,1,6,2,1,,,,,,,,,,,,,,,,手動式,,,,,,,"和歌山マリーナシティ
紀三井寺
浜ノ宮海水浴場",,,,,,,,バイオ式,足踏式,,,,,
31,紀三井寺公園陸上競技場内　②,和歌山市,毛見200番,"9:00
17:00",500,7,水洗式,2,,3,3,3,,,,,,,,,,,,,,,,手動式,,,,,,,"和歌山マリーナシティ
紀三井寺
浜ノ宮海水浴場",,,,,,,,,押ボタン式,,,,,
32,紀三井寺公園陸上競技場内　③,和歌山市,毛見200番,"9:00
17:00",500,7,水洗式,,,3,,,1,1,,,,○,○,手動式,○,引き戸式,2.0×1.8,前方・左から,,○,○,手動式,,,,,,,"和歌山マリーナシティ
紀三井寺
浜ノ宮海水浴場",,,,,,,,,,,,,,
33,紀三井寺公園テニスコートクラブハウス１F,和歌山市,毛見200番,"9:00
21:00",500,7,水洗式,,1,1,,2,,,,,,,,,,,,,,,,手動式,,,,,,,"和歌山マリーナシティ
紀三井寺
浜ノ宮海水浴場",,,,,,,,,,,,,,
34,河西公園公衆トイレA棟,和歌山市,西庄,終日,160,4,水洗式,,1,2,,2,,,,,,○,○,押ボタン式,○,引き戸式,2.0×2.0,前方・左から,,,○,レバー式,,,,,○,,"河西緩衝緑地
磯の浦海水浴場",多目的トイレ利用時間：9:00～17:00,,,,,,,,,,,,,
35,河西公園公衆トイレB棟,和歌山市,西庄,終日,160,4,水洗式,,2,2,,2,,,,,,○,○,光感知式,○,引き戸式,2.0×2.0,前方・左から,,,,レバー式,,,,,○,,"河西緩衝緑地
磯の浦海水浴場",多目的トイレ利用時間：9:00～17:00,,,,,,,,,,,,,
36,河西公園公衆トイレC棟,和歌山市,西庄,終日,160,4,水洗式,,1,2,,2,,,,,,○,○,押ボタン式,○,引き戸式,2.0×2.0,前方・左から,,,,レバー式,,,,,○,,"河西緩衝緑地
磯の浦海水浴場",多目的トイレ利用時間：9:00～17:00,,,,,,,,水洗式,くつべら式,引き戸式,レバー式,○,前方から
37,河西公園公衆トイレD棟,和歌山市,西庄,終日,160,4,水洗式,,2,2,,2,,,,,,○,○,光感知式,○,引き戸式,2.0×2.0,前方・左から,,,,レバー式,,,,,○,,"河西緩衝緑地
磯の浦海水浴場",多目的トイレ利用時間：9:00～17:00,,,,,,,,汲み取り式,光感知式,外開き式,光感知式,,向かって右から
38,河西公園公衆トイレE棟,和歌山市,西庄,終日,160,4,水洗式,,1,2,,2,,,,,,○,○,押ボタン式,○,引き戸式,2.0×2.0,前方・左から,,,,レバー式,,,,,○,,"河西緩衝緑地
磯の浦海水浴場",多目的トイレ利用時間：9:00～17:00,,,,,,,,バイオ式,足踏式,,手動式,,向かって左から
39,河西公園公衆トイレF棟,和歌山市,西庄,終日,160,4,水洗式,,1,2,,2,,,,,,○,○,押ボタン式,○,引き戸式,2.0×2.0,前方・左から,,,,レバー式,,,,,,,"河西緩衝緑地
磯の浦海水浴場",多目的トイレ利用時間：9:00～17:00,,,,,,,,,押ボタン式,,,,前方・右から
40,河西公園公衆トイレG棟,和歌山市,西庄,終日,160,4,水洗式,,1,2,,2,,,,,,○,○,押ボタン式,○,引き戸式,2.0×2.0,前方・左から,,,,レバー式,,,,,○,,"河西緩衝緑地
磯の浦海水浴場",多目的トイレ利用時間：9:00～17:00,,,,,,,,,,,,,前方・左から
41,河西公園水泳場管理棟,和歌山市,西庄,"10:00
17:00",160,4,水洗式,,1,2,,3,,,,,,,,,,,,,,,,,,,,,,,"河西緩衝緑地
磯の浦海水浴場",利用期間：７月１日～８月３１日　,,,,,,,,,,,,,前方・右・左から
42,河西公園水泳場便所棟,和歌山市,西庄,"10:00
17:00",160,4,水洗式,,1,1,,2,,,,,,○,○,押ボタン式,○,引き戸式,2.0×2.0,前方から,,,,手動式,,,,,,,"河西緩衝緑地
磯の浦海水浴場",利用期間：７月１日～８月３１日　,,,,,,,,,,,,,
43,松江緑地公衆トイレA棟,和歌山市,松江中1丁目,"9:00
21:00",11,1,水洗式,,1,2,,2,,,,,,○,○,押ボタン式,○,引き戸式,2.0×2.0,前方から,,,○,手動式,,,,,○,,"河西緩衝緑地
磯の浦海水浴場",多目的トイレ利用時間：9:00～17:00,,,,,,,,,,,,,
44,松江緑地公衆トイレB棟,和歌山市,松江中1丁目,"9:00
17:00",11,1,水洗式,,1,2,,2,,,,,,,,,,,,,,,,,,,,,,,"河西緩衝緑地
磯の浦海水浴場",,,,,,,,,,,,,,
45,西松江緑地公衆トイレ棟,和歌山市,松江西,終日,60,2,水洗式,,2,3,,3,,,,,,○,○,押ボタン式,○,引き戸式,2.0×2.0,前方から,,,○,手動式,,,,,,,"河西緩衝緑地
磯の浦海水浴場",,,,,,,,,,,,,,
46,西松江緑地体育館,和歌山市,松江西,"8:30
21:00",60,2,水洗式,1,2,4,2,1,,,,,,○,○,足踏式,○,引き戸式,2.0×2.0,前方・右から,,,○,手動式,,,,,,,"河西緩衝緑地
磯の浦海水浴場",多目的トイレ利用時間：9:00～21:00,,,,,,,,,,,,,
47,東松江緑地管理棟,和歌山市,松江東1丁目,"9:00
17:00",22,2,水洗式,,1,2,1,1,,,,,,○,○,押ボタン式,○,引き戸式,2.0×2.0,前方から,,,○,光感知式,,,,○,○,○,河西緩衝緑地,,,,,,,,,,,,,,
48,湊緑地公衆トイレ棟,和歌山市,湊,"9:00
17:00",23,1,水洗式,,1,2,,2,,,,,,○,○,押ボタン式,○,引き戸式,2.0×2.0,前方から,,,○,手動式,,,,,,,河西緩衝緑地,,,,,,,,,,,,,,
49,片男波公園駐車場公衆トイレ,和歌山市,和歌浦南3丁目1700-2,終日,209,6,水洗式,1,1,3,2,1,,,,,,○,○,押ボタン式,○,引き戸式,2.0×2.0,前方・右・左から,,,○,光感知式,,,○,○,,○,妹背山、鏡山、不老橋、玉津島神社、塩釜神社、東照宮、天満宮、片男波海水浴場,,,,,,,,,,,,,,
50,片男波公園公衆トイレ,和歌山市,和歌浦南3丁目1700-2,"9:00
17:00",209,6,水洗式,,2,3,,3,,,,,,○,○,押ボタン式,○,引き戸式,2.0×2.0,前方・右・左から,,,○,押ボタン式,,,○,○,,,妹背山、鏡山、不老橋、玉津島神社、塩釜神社、東照宮、天満宮、片男波海水浴場,,,,,,,,,,,,,,
51,健康館,和歌山市,和歌浦南3丁目1700-2,"9:00
21:00",209,6,水洗式,1,1,3,1,3,,,,1,,○,○,押ボタン式,○,引き戸式,2.0×2.0,前方・右・左から,,,○,光感知式,,,○,○,,,妹背山、鏡山、不老橋、玉津島神社、塩釜神社、東照宮、天満宮、片男波海水浴場,,,,,,,,,,,,,,
52,万葉館,和歌山市,和歌浦南3丁目1700-2,"9:00
17:00",209,6,水洗式,1,,2,2,,,,,,,○,○,押ボタン式,○,引き戸式,2.0×2.0,前方・右・左から,,,,光感知式,,,○,,○,○,妹背山、鏡山、不老橋、玉津島神社、塩釜神社、東照宮、天満宮、片男波海水浴場,,,,,,,,,,,,,,
53,８の字公園公衆トイレ,和歌山市,和歌浦南3丁目4,終日,,,水洗式,,1,1,,1,1,,,,,○,○,押ボタン式,○,引き戸式,2.0×2.0,前方・右・左から,,,○,光感知式,,,,○,,,妹背山、鏡山、不老橋、玉津島神社、塩釜神社、東照宮、天満宮、片男波海水浴場,和歌山一きれいなトイレとしてマスコミで取り上げられた。,,,,,,,,,,,,,
54,８の字公園（東出）公衆トイレ,和歌山市,和歌浦南2丁目3,終日,,,水洗式,,,2,,,,1,,,,,,,,引き戸式,,,,,,,,,,,,,妹背山、鏡山、不老橋、玉津島神社、塩釜神社、東照宮、天満宮、片男波海水浴場,,,,,,,,,,,,,,
55,藤白神社,海南市,海南市藤白434-1,終日,30,1,水洗式,,1,2,1,2,,,,,,○,○,くつべら式,○,引き戸式,1.8×2.2,向かって右から,,,,光感知式,,○,○,,,○,藤白神社、鈴木屋敷,全国の鈴木姓のルーツと言われる鈴木氏の屋敷があります。,,,,,,,,,,,,,
56,亀池広場公衆トイレ,海南市,海南市阪井452,終日,35,,汲み取り式,,1,2,1,1,,,,,,,,,,,,,,,,手動式,,○,,,,,亀池,"春には約2,000本もの桜が花開き、訪れる人を楽しませます。",,,,,,,,,,,,,
57,温山荘公園(西側)公衆トイレ,海南市,海南市船尾396,"10：00
16：00",20,,水洗式,,2,3,,5,,,,,,○,○,足踏式,○,引き戸式,1.5×2.4,前方から,,,,手動式,,○,,,,,温山荘公園、黒江街道,温山荘園は大正時代に造園された関西有数の規模を誇る日本庭園です。また、紀州漆器の町、黒江も歩いてすぐの距離にあります。,,,,,,,,,,,,,
58,温山荘公園(東側)公衆トイレ,海南市,海南市船尾396,終日,20,,汲み取り式,,1,2,1,1,,,,,,,,,,,,,,,,手動式,,○,,,,,,,,,,,,,,,,,,,
59,JR海南駅公衆トイレ,海南市,海南市名高51-2,終日,85,1,水洗式,,2,3,,4,,,,,,○,○,押ボタン式,○,引き戸式,2.1×2.3,向かって左から,,,,光感知式,,○,○,,,○,,駅構内の「海南市物産観光センター」でレンタサイクルの貸し出しを行っています。,,,,,,,,,,,,,
60,藤白塔下王子跡公衆トイレ,海南市,海南市下津町橘本1614-3,終日,,,水洗式,,1,2,,2,,,,,,○,○,くつべら式,○,引き戸式,1.8×2.1,前方から,,,,手動式,,○,,,,,熊野古道御所の芝,「御所の芝」は和歌浦を一望できる絶景スポットです。,,,,,,,,,,,,,
61,長保寺,海南市,海南市下津町上689,終日,20,,水洗式,,1,3,,3,,,,,,,,,,,,,,,,手動式,,○,○,,,,長保寺,紀州徳川家の菩提寺で、本堂・多宝塔・大門の3つが国宝に指定されています。,,,,,,,,,,,,,
62,善福院,海南市,海南市下津町梅田270,終日,15,,水洗式,,1,2,,2,,,,,,,,,,,,,,,,手動式,,○,,,,,善福院,国宝である釈迦堂をはじめ、多数の文化財を有しています。,,,,,,,,,,,,,
63,春日神社,海南市,海南市大野中1056,終日,60,,汲み取り式,1,,2,2,,,,,,3,○,○,くつべら式,○,引き戸式,2.0×2.5,向かって左から,○,,,手動式,,○,,,,,春日神社,紀伊国神名帳に「正一位春日大神」と位置づけられている格式の高い神社です。,,,,,,,,,,,,,
64,　　〃,　　〃,　　〃,　　〃,　　〃,,汲み取り式,,,,,,,,,,,○,○,くつべら式,○,引き戸式,2.0×2.5,向かって右から,○,,,手動式,,○,,,,,,,,,,,,,,,,,,,
65,所坂王子跡公衆トイレ,海南市,海南市橘本779,終日,8,,水洗式,,,1,,,1,1,,,,,,,,,,,,,,手動式,,,○,,,,橘本神社,橘本神社は全国的にも珍しいみかんとお菓子の神社です。,,,,,,,,,,,,,
66,小川宮前公衆トイレ,紀美野町,紀美野町奥佐々21番地2,終日,3,,汲み取り式,,,2,,,,2,,,,,,,,,,,,,,手動式,,,,,,,"小川八幡神社
生石高原",,,,,,,,,,,,,,
67,紀美野町のかみふれあい公園公衆トイレ,紀美野町,紀美野町西野971-1,"9：00
17：00",148,4,水洗式,1,1,3,1,3,,,,,,○,○,くつべら式,○,外開き式,2.0×2.0,前方・右から,,,,光感知式,,,,,,○,"紀美野町のかみふれあい公園
和歌山県動物愛護センター",,,,,,,,,,,,,,
68,生石高原童謡公衆トイレ,紀美野町,紀美野町中田899-29,終日,37,1,水洗式,1,1,3,2,3,,,,,,○,○,くつべら式,○,引き戸式,2.1×1.8,前方・右から,○,,,光感知式,,,,,,○,生石高原,,,,,,,,,,,,,,
69,紀美野町役場,紀美野町,紀美野町動木287,"平日
8：30
17：15",91,4,水洗式,,2,3,,3,1,,,,,○,○,くつべら式,○,引き戸式,1.8×2.0,前方から,,,,光感知式,,,,,,,"紀美野町のかみふれあい公園
和歌山県動物愛護センター
生石高原",,,,,,,,,,,,,,
70,紀美野町総合福祉センター,紀美野町,紀美野町下佐々1408-4,"平日
8：30
17：15",80,5,水洗式,1,1,3,2,2,,,,,,○,○,くつべら式,○,引き戸式,2.0×1.9,前方・右・左から,○,,,光感知式,○,,,,○,○,"紀美野町のかみふれあい公園
和歌山県動物愛護センター
生石高原",,,,,,,,,,,,,,
71,十三神社公衆トイレ,紀美野町,紀美野町野中63-1,終日,,,汲み取り式,,,1,,,,2,,,,,,,,,,,,,,手動式,,,,,,,生石高原,,,,,,,,,,,,,,
72,三尾川公衆トイレ,紀美野町,紀美野町三尾川91-1,終日,,,汲み取り式,,,3,,,,2,,,,,,,,,,,,,,,,,,,,,生石高原,,,,,,,,,,,,,,
73,今西公衆トイレ,紀美野町,紀美野町今西326,終日,,,汲み取り式,,,,,,,2,,,,,,,,,,,,,,,,,,,,,"みさと天文台
生石高原",,,,,,,,,,,,,,
74,小西公衆トイレ,紀美野町,紀美野町小西169-7,終日,,,汲み取り式,,,3,,,,2,,,,,,,,,,,,,,,,,,,,,みさと天文台,,,,,,,,,,,,,,
75,毛原宮公衆トイレ,紀美野町,紀美野町毛原宮254-12,終日,,,汲み取り式,,,3,,,,2,,,,,,,,,,,,,,手動式,,,,,,,みさと天文台,,,,,,,,,,,,,,
76,毛原公衆トイレ,紀美野町,紀美野町毛原宮222,終日,,,水洗式,,1,1,,1,,,,,,○,○,くつべら式,,外開き式,2.0×1.9,前方・左から,,,,光感知式,,,,,,,みさと天文台,,,,,,,,,,,,,,
77,毛原上公衆トイレ,紀美野町,紀美野町毛原上408-2,終日,,,汲み取り式,,,2,,,,2,,,,,,,,,,,,,,手動式,,,,,,,みさと天文台,,,,,,,,,,,,,,
78,長谷宮公衆トイレ,紀美野町,紀美野町長谷宮146-3,終日,,,汲み取り式,,,3,,,,2,,,,,,,,,,,,,,,,,,,,,みさと天文台,,,,,,,,,,,,,,
79,長谷公衆トイレ,紀美野町,紀美野町長谷宮664,終日,,,汲み取り式,,,3,,,,2,,,,,,,,,,,,,,,,,,,,,みさと天文台,,,,,,,,,,,,,,
80,紀美野町役場美里支所,紀美野町,紀美野町神野市場226-1,"平日8:30
17:15",10,1,水洗式,,2,3,,3,,,,,,○,○,くつべら式,○,引き戸式,1.9×1.8,前方・右から,○,,,光感知式,○,,○,,○,,"生石高原
みさと天文台",,,,,,,,,,,,,,
81,紀の川市粉河支所,紀の川市,紀の川市粉河412,8:45　　　　　　　　17:30,100,1,水洗式,,2,3,,4,,,,,,○,,押ボタン式,,引き戸式,2.1×2.2,横,,,,光感知式,,,,○,,,,,,,,,,,,,,,,,
82,粉河ふるさとセンター,紀の川市,紀の川市粉河580,8:45　　　　　　　17:30,100,2,水洗式,1,1,6,3,1,,,,,,○,,押ボタン式,○,引き戸式,2.1×2.0,横,,,,手動式,,,,○,○,○,,,,,,,,,,,,,,,
83,JR粉河駅公衆トイレ,紀の川市,紀の川市粉河870,終日,,,水洗式,,,,,,,,,,,,,,,,,,,,,,,,,,,,,,,,,,,,,,,,,,
84,粉河寺公衆トイレ,紀の川市,紀の川市粉河2787,終日,,,水洗式,,,,,,,,,,,,,,,,,,,,,,,,,,,,,,,,,,,,,,,,,,
85,観光特産センターこかわ,紀の川市,紀の川市粉河2046-1,8:00　　　　　　18:00,10,,水洗式,,,2,,,2,1,,,,,,,,,,,,,,手動式,,,,,,,,,,,,,,,,,,,,,
86,秋葉山公園公衆トイレ,紀の川市,紀の川市粉河地区,10:00　　　　　18:00,,,水洗式,,2,3,,3,,,,,,○,,くつべら式,,引き戸式,2.1×2.1,横,,,,光感知式,,,,○,,,,,,,,,,,,,,,,,
87,紀の川市粉河運動場公衆トイレ,紀の川市,紀の川市粉河地区,終日,100,,水洗式,,1,3,,3,,,,,,,,,,,,,,,,手動式,,,,○,,,,,,,,,,,,,,,,,
88,葛城山公衆トイレ,紀の川市,紀の川市切畑地区,終日,10,1,水洗式,,1,2,3,,,,,,,○,,くつべら式,○,引き戸式,2.1×2.1,前方から,,,,光感知式,,,○,○,○,○,,,,,,,,,,,,,,,
89,粉河龍門山温泉,紀の川市,紀の川市645-1,11:00　　　　　22:00,30,,水洗式,2,,2,2,1,,,,,,,,,,,,,,,,手動式,,,,,,,,,,,,,,,,,,,,,
90,粉河ハイランドパーク,紀の川市,紀の川市中津川地区,9:00　　　　　18:00,20,,水洗式,,3,1,,3,,,,,,,,,,,,,,,,手動式,,,,,,,,,,,,,,,,,,,,,
91,長田観音,紀の川市,紀の川市別所58,終日,,,汲み取り式,,,,,,,3,,,,,,,,,,,,,,手動式,,,,○,,,,,,,,,,,,,,,,,
92,紀の川市鞆渕出張所,紀の川市,紀の川市中鞆渕1041,8:45　　　　　　　17:30,20,,水洗式,,,5,,,1,2,,,,,,,,,,,,,,手動式,,,,,,,,,,,,,,,,,,,,,
93,紀の川市役所,紀の川市,紀の川市西大井338,8:45　　　　　17:30,200,3,水洗式,1,1,3,3,1,,,,,,○,○,押ボタン式,○,引き戸式,2.4×2.5,横,,,,光感知式,○,,,○,,○,,,,,,,,,,,,,,,
94,JR和歌山線打田駅,紀の川市,紀の川市打田1242-4,終日,7,,汲み取り式,,,2,,,,2,,,,,,,,,,,,,,手動式,,,,○,,,,,,,,,,,,,,,,,
95,海神社,紀の川市,紀の川市神領地区,終日,5,,汲み取り式,,,1,,,,1,,,,,,,,,,,,,,手動式,,,,,,,,,,,,,,,,,,,,,
96,めっけもん広場,紀の川市,紀の川市豊田56-3,9:00　　　　　17:00,200,2,水洗式,3,,5,5,,,,,,,○,○,くつべら式,○,引き戸式,1.6×2.1,横,,,,光感知式,○,,○,○,,○,,,,,,,,,,,,,,,
97,紀伊国分寺跡公衆トイレ,紀の川市,紀の川市東国分671,終日,15,,水洗式,,1,2,1,1,,,,,,○,○,押ボタン式,○,引き戸式,1.8×2.2,横,,,,光感知式,,,,○,○,○,,,,,,,,,,,,,,,
98,最初ヵ峰展望所公衆トイレ,紀の川市,紀の川市竹房地区,終日,10,,汲み取り式,,1,2,,2,,,,,,,,,,,,,,,,手動式,,,,○,,,,,,,,,,,,,,,,,
99,春日神社,紀の川市,紀の川市中三谷地区,終日,5,,汲み取り式,,,1,,,,1,,,,,,,,,,,,,,手動式,,,,,,,,,,,,,,,,,,,,,
100,神通温泉,紀の川市,紀の川市神通150-1,11:00　　　　21:00,50,,水洗式,1,,1,2,,2,,,,,,,,,,,,,,,手動式,,,,,,,,,,,,,,,,,,,,,
101,紀の川市那賀支所,紀の川市,紀の川市名手市場146-4, 8:45　　　　17:30,50,,水洗式,1,,4,1,2,,1,,,,○,,押ボタン式,○,引き戸式,1.8×2.3,前方から,,,,レバー式,○,,○,○,,○,,,,,,,,,,,,,,,
102,削除,,,,,,,,,,,,,,,,,,,,,,,,,,,,,,,,,,,,,,,,,,,,,,,,
103,JR名手駅公衆トイレ,紀の川市,紀の川市名手市場208,終日,,,汲み取り式,,,3,,,,2,,,,,,,,,,,,,,手動式,,,,○,,,,,,,,,,,,,,,,,
104,青洲の里公衆トイレ,紀の川市,紀の川市西野山473, 9:00　　　　17:00,40,2,水洗式,1,,3,2,,,,,,,○,,手動式,○,引き戸式,2.0×1.5,前方から,,,,手動式,,,○,○,,,,,,,,,,,,,,,,,
105,青洲の里（外）公衆トイレ,紀の川市,紀の川市西野山473, 9:00　　　　17:00,,,水洗式,,1,3,1,3,,,,,,○,,手動式,○,引き戸式,1.9×2.7,前方から,,,,手動式,,,○,○,,,,,,,,,,,,,,,,,
106,旧名手本陣,紀の川市,紀の川市名手市場641,10:00　　　　16:00,,,汲み取り式,,,,,,,1,,,,,,,,,,,,,,手動式,,,,,,,,,,,,,,,,,,,,,
107,光明寺,紀の川市,紀の川市名手市場,終日,,,水洗式,,,,,,,,,,,,,,,,,,,,,手動式,,,,,,,,,,,,,,,,,,,,,
108,九頭神社,紀の川市,紀の川市麻生津中,終日,,,水洗式,,,,,,,,,,,,,,,,,,,,,手動式,,,,,,,,,,,,,,,,,,,,,
109,藤崎弁天,紀の川市,紀の川市藤崎地区,終日,5,,汲み取り式,,,1,,,,1,,,,,,,,,,,,,,手動式,,,,,,,,,,,,,,,,,,,,,
110,名手八幡神社,紀の川市,紀の川市穴伏地区,終日,10,,水洗式,,3,2,,3,,,,,,,,,,,,,,,,手動式,,,,○,,,,,,,,,,,,,,,,,
111,紀の川市役所桃山支所,紀の川市,紀の川市桃山町元381,9:00　　　　　　　　18:00,30,1,水洗式,1,1,4,1,2,,,,,,○,,手動式,○,引き戸式,2.4×2.4,前方から,,,,手動式,,,,○,,○,,,,,,,,,,,,,,,
112,桃山特産センター,紀の川市,紀の川市桃山町市場地区,8:00　　　　　17:30,20,,水洗式,,1,2,,2,,,,,,○,○,くつべら式,○,引き戸式,１.6×2.1,横,,,,手動式,,,,○,,,,,,,,,,,,,,,,,
113,桃源郷運動公園公衆トイレ,紀の川市,紀の川市桃山町最上1147-11,終日,100,4,水洗式,1,1,3,2,1,,,,,,○,,光感知式,○,引き戸式,2.0×2.1,横,,,,押ボタン式,,,○,○,○,,,,,,,,,,,,,,,,
114,桃りゃんせ夢工房,紀の川市,紀の川市桃山町神田526-2,終日,30,2,水洗式,,1,2,1,1,,,,,,○,,光感知式,,引き戸式,2.1×2.1,横,,,,押ボタン式,,,○,○,,,,,,,,,,,,,,,,,
115,細野渓流キャンプ場,紀の川市,紀の川市桃山町垣内258-1,終日,70,,水洗式,,,1,,,3,2,,,,○,,手動式,,引き戸式,１.7×2.1,横,,,,手動式,,,,,,,,,,,,,,,,,,,,,
116,紀の川市貴志川支所,紀の川市,紀の川市貴志川町神戸327-1,8:45　　　　　17:30,30,3,水洗式,,4,6,,2,,,,,,○,○,手動式,○,引き戸式,2.6×1.9,前方から,,,,手動式,,,○,○,,,,,,,,,,,,,,,,,
117,きしべの里,紀の川市,紀の川市貴志川町井ノ口地区,終日,30,,汲み取り式,,,2,,,,2,,,,,,,,,,,,,,手動式,,,,,,,,,,,,,,,,,,,,,
118,平池緑地公園公衆トイレ,紀の川市,紀の川市貴志川町神戸地区,終日,15,,水洗式,,,,,,,,,,,○,,手動式,○,引き戸式,2.0×2.0,横,,,,レバー式,,,,○,,○,,,,,,,,,,,,,,,
119,野鳥公園公衆トイレ,紀の川市,紀の川市貴志川町神戸地区,終日,20,,水洗式,,,,,,,,,,,○,,押ボタン式,○,引き戸式,2.1×2.1,横,,,,レバー式,,,,○,,○,,,,,,,,,,,,,,,
120,貴志川物産センター,紀の川市,紀の川市貴志川町前田135-1,9:00　　　　　17:00,,,水洗式,,1,,,1,,,,,,,,,,,,,,,,手動式,,,,○,,,,,,,,,,,,,,,,,
121,大池遊園公衆トイレ,紀の川市,紀の川市貴志川町長山地区,終日,10,,汲み取り式,,,,,,,,,,,○,○,手動式,,引き戸式,1.5×1.5,,,,,手動式,,,,○,,,,,,,,,,,,,,,,,
122,山田ダム公衆トイレ,紀の川市,紀の川市貴志川町高尾地区,終日,5,,汲み取り式,,,2,,,,2,,,,,,,,,,,,,,手動式,,,,,,,,,,,,,,,,,,,,,
123,貴志川スポーツ公園公衆トイレ,紀の川市,紀の川市貴志川町井ノ口1411-10,9:00　　　　　17:30,50,,水洗式,,,,,,,,,,,○,○,足踏式,,引き戸式,2.2×1.8,,,,,光感知式,,,,○,,,,,,,,,,,,,,,,,
124,和歌山県植物公園緑化センター本館事務所トイレ,岩出市,岩出市東坂本672,"9：00
17：00",312,8,水洗式,,,5,,,,3,,,,,,,,,,,,,,,,,,,,,根来寺　　　　　　　　　　　　根来山げんきの森,,,,,,,,,,,,,,
125,和歌山県植物公園緑化センター本館駐車場(南側)公衆トイレ,岩出市,岩出市東坂本672,"9：00
17：00",,,水洗式,,1,4,,3,1,,,,,○,○,レバー式,○,引き戸式,1.95×1.9,前方から,,,,光感知式,,○,○,,,,"根来寺
根来山げんきの森",,,,,,,,,,,,,,
126,和歌山県植物公園緑化センター別館展示室公衆トイレ,岩出市,岩出市東坂本672,"9：00
17：00",,,水洗式,,1,1,,2,1,,,,,○,○,レバー式,○,引き戸式,2.1×2.0,前方から,,,○,光感知式,,○,,○,,,"根来寺
根来山げんきの森",,,,,,,,,,,,,,
127,和歌山県植物公園緑化センター紀州ふるさとの店(東側)公衆トイレ,岩出市,岩出市東坂本672,"9：00
17：00",,,水洗式,,1,3,,2,1,,,,,○,○,レバー式,○,引き戸式,2.8×1.9,前方から,,,○,光感知式,,○,,○,○,,"根来寺
根来山げんきの森",,,,,,,,,,,,,,
128,わんぱく広場公衆トイレ,岩出市,岩出市東坂本672,"9：00
17：00",,,水洗式,,1,3,1,2,1,,,,,○,○,レバー式,○,外開き式,1.8×1.8,前方から,,,,光感知式,,,,,,,"根来寺
根来山げんきの森",,,,,,,,,,,,,,
129,芝生広場公衆トイレ,岩出市,岩出市東坂本672,"9：00
17：00",,,水洗式,,,,,,2,,,,,○,○,光感知式,○,引き戸式,2.5×2.2,前方から,,,○,光感知式,,○,,○,,○,"根来寺
根来山げんきの森",,,,,,,,,,,,,,
130,公園管理棟横公衆トイレ（職員兼用）,岩出市,岩出市根来2277,"9：00
17：00",47,3,"水洗式
 (バイオ式)",,1,1,,2,1,,,,,○,○,レバー式,○,引き戸式,2.6×2.1,前方から,○,,,光感知式,,,,○,,○,根来寺　　　　　　　　　　　　　　　和歌山県植物公園緑花センター,,,,,,,,,,,,,,
131,根来寺公衆トイレ（西側）,岩出市,岩出市根来2286,終日,100,,水洗式,,3,7,,8,,,,,,,,,,,,,,,,,,,,,,,根来寺,,,,,,,,,,,,,,
132,根来寺公衆トイレ（北側）,岩出市,岩出市根来2284,終日,100,,水洗式,,1,2,,2,,,,,,○,○,レバー式,,引き戸式,2.0×2.0,前方から,,,,,,,,,,○,根来寺,ベビーシート有,,,,,,,,,,,,,
133,"道の駅
「根来さくらの里」公衆トイレ",岩出市,岩出市押川37-1,終日,65うち大型4,2,水洗式,1,2,7,1,7,,,,,,○,○,レバー式,,引き戸式,2.5×3.0,前方から,○,,,光感知式,,,,,,○,"根来寺
道の駅「根来さくらの里」",,,,,,,,,,,,,,
134,嵯峨谷農村公園前公衆トイレ,橋本市,橋本市高野口町嵯峨谷,終日,10,,汲み取り式,,1,1,,1,,,,,,○,○,レバー式,○,引き戸式,3.0×3.0,,○,,,手動式,,,,,,,ふるさと体験村,,,,,,,,,,,,,,
135,JR高野口駅前公衆トイレ,橋本市,和歌山県橋本市高野口町名倉7902,終日,,,水洗式,,1,2,,2,,,,,,,○,光感知式,○,引き戸式,3.0×3.0,,○,,○,手動式,,,,,,○,高野口公園,,,,,,,,,,,,,,
136,あじさい公園公衆トイレ,橋本市,橋本市隅田町恋野,終日,20,,汲み取り式,,1,2,,2,,,,,,,○,レバー式,○,引き戸式,3.0×3.0,,,,,手動式,,○,,,,○,恋し野の里あじさい園,,,,,,,,,,,,,,
137,杉尾公衆トイレ,橋本市,橋本市杉尾,終日,2,1,水洗式,,1,1,,1,,,,,,○,○,レバー式,○,引き戸式,3.0×3.0,,,,,手動式,,,,,,,"不動山の巨石
明王寺",,,,,,,,,,,,,,
138,JR橋本駅前公衆トイレ,橋本市,和歌山県橋本市古佐田1丁目4-51,終日,,,水洗式,,,3,,,,3,,,,,,,,,,,,,,手動式,,,,,,,はしもと広域観光案内所,,,,,,,,,,,,,,
139,国城山公衆トイレ,橋本市,橋本市国城原,終日,20,,汲み取り式,,,2,,,,3,,,,,,,,,,,,,,手動式,,,,,,,国城神社,,,,,,,,,,,,,,
140,削除,,,,,,,,,,,,,,,,,,,,,,,,,,,,,,,,,,,,,,,,,,,,,,,,
141,削除,,,,,,,,,,,,,,,,,,,,,,,,,,,,,,,,,,,,,,,,,,,,,,,,
142,橋本市運動公園公衆トイレ（南側）,橋本市,橋本市北馬場454,終日,,,水洗式,,1,3,1,1,,,,,,,,,,,,,,,,手動式,,,,,,,,,,,,,,,,,,,,,
143,杉村公園公衆トイレ（駐車場上）,橋本市,橋本市御幸辻786,終日,15,,水洗式,,1,2,,2,,,,,,○,○,レバー式,,引き戸式,3.0×2.0,前方から,,,,手動式,,,,,,,橋本市郷土資料館,,,,,,,,,,,,,,
144,杉村公園公衆トイレ（芝生広場）,橋本市,橋本市御幸辻786,終日,,,水洗式,,,,,,,3,,,,,,,,,,,,,,手動式,,,,,,,,,,,,,,,,,,,,,
145,神野々キャンプ場公衆トイレ,橋本市,橋本市神野々,終日,,,汲み取り式,,1,2,,2,,,,,,○,○,レバー式,○,引き戸式,3.0×2.0,前方から,,,,手動式,,,,,,,,,,,,,,,,,,,,,
146,県立橋本体育館,橋本市,橋本市北馬場455,"9:00
21:00",700,2,水洗式,6,17,44,9,45,3,1,,1,,○,○,押ボタン式,○,引き戸式,2.0×1.8,前方から,,,○,光感知式,,,,,,○,相賀八幡神社,休館日：火曜日,,,,,,,,,,,,,
147,"高野口公園トイレ1
（広場横）",橋本市,橋本市高野口町名倉,終日,,,水洗式,,1,2,,2,,,,,,,,,,,,,,,,手動式,,,,,,,高野口公園,,,,,,,,,,押ボタン式,,,,前方・右から
148,"高野口公園トイレ2
（神社横）",橋本市,橋本市高野口町名倉,終日,,,水洗式,,,2,,,,2,,,,,,,,,,,,,,手動式,,,,,,,高野口公園,,,,,,,,,,,,,,前方・左から
149,"高野口公園トイレ3
（キャンプ施設横）",橋本市,橋本市高野口町名倉,終日,,,水洗式,,,2,,,,2,,,,,,,,,,,,,,手動式,,,,,,,高野口公園,,,,,,,,,,,,,,前方・右・左から
150,道の駅「紀の川万葉の里」公衆トイレ,かつらぎ町,かつらぎ町窪,終日,85,5,水洗式,2,5,12,3,9,,,,,,○,○,光感知式,○,引き戸式,"2.5×2.5
2.5×3.0　　　　　　",前方・左から,○,○,○,光感知式,,○,○,○,○,○,串柿の里、宝来山神社、大和街道,,,,,,,,,,,,,,
151,柿の茶屋公衆トイレ,かつらぎ町,かつらぎ町西飯降,終日,15,2,水洗式,,1,2,,2,,,,,,○,○,くつべら式,,引き戸式,2.5×2.5,前方・左から,,,,手動式,,○,○,,,,"串柿の里
堀越癪観音",,,,,,,,,,,,,,
152,町石道神田地内公衆トイレ,かつらぎ町,かつらぎ町神田,終日,2,1,水洗式,1,,1,,,,,,,,○,○,くつべら式,,引き戸式,3.0×3.0,前方・左から,,,,手動式,,○,○,○,,,高野山町石道、丹生都比売神社、紀伊高原カントリークラブ,,,,,,,,,,,,,,
153,丹生都比売神社公衆トイレ,かつらぎ町,かつらぎ町上天野,終日,30,,水洗式,,1,2,,2,,,,,,○,○,光感知式,○,引き戸式,2.2×2.2,前方・左から,,,,光感知式,,○,○,○,,○,高野山町石道、丹生都比売神社、紀伊高原カントリークラブ,,,,,,,,,,,,,,
154,花園久木公衆トイレ,かつらぎ町,かつらぎ町花園久木,終日,5,,水洗式,,,2,,,1,1,,,,,,,,,,,,,,手動式,,,,,,,あじさい園、しゃくなげ園、花園グリーンパーク、恐竜ランド、恐竜館,,,,,,,,,,,,,,
155,花園中南公衆トイレ,かつらぎ町,かつらぎ町花園中南,終日,5,,水洗式,,,2,,3,,,,,,○,○,足踏式,,外開き式,2.4×2.5,前方・左から,,,,光感知式,,○,○,○,,○,あじさい園、しゃくなげ園、花園グリーンパーク、恐竜ランド、恐竜館,,,,,,,,,,,,,,
156,花園北寺公衆トイレ,かつらぎ町,かつらぎ町花園北寺,終日,10,,水洗式,,,1,,,,1,,,,○,○,押ボタン式,,引き戸式,2.0×2.1,前方・左から,,,,光感知式,,○,,○,,,あじさい園、しゃくなげ園、花園グリーンパーク、恐竜ランド、恐竜館,,,,,,,,,,,,,,
157,花園梁瀬公衆トイレ,かつらぎ町,かつらぎ町花園梁瀬,終日,5,,水洗式,,1,2,,2,,,,,,,,,,,,,,,,手動式,,,,,,,あじさい園、しゃくなげ園、花園グリーンパーク、恐竜ランド、恐竜館,,,,,,,,,,,,,,
158,花園臼谷公衆トイレ,かつらぎ町,かつらぎ町花園梁瀬,終日,5,,水洗式,,,1,,,,,,,,○,○,くつべら式,○,引き戸式,2.2×2.1,前方・右から,,,,手動式,,○,,,,,あじさい園、しゃくなげ園、花園グリーンパーク、恐竜ランド、恐竜館,,,,,,,,,,,,,,
159,高野龍神スカイライン公衆トイレ,かつらぎ町,かつらぎ町花園久木,終日,23,,水洗式,,1,3,,3,,,,,,○,○,くつべら式,,引き戸式,2.0×2.3,前方・左から,,,,光感知式,,○,○,○,,○,あじさい園、しゃくなげ園、花園グリーンパーク、恐竜ランド、恐竜館,,,,,,,,,,,,,,
160,堀越公衆トイレ,かつらぎ町,かつらぎ町東谷,終日,5,1,汲み取り式,,1,2,,2,1,,,,,○,○,押ボタン式,○,引き戸式,2.1×2.2,前方・右から,,,,手動式,,○,○,,○,,堀越癪観音、四郷串柿の里、三重の滝、文蔵の滝,,,,,,,,,,,,,,
161,妙寺駅前公衆トイレ,かつらぎ町,丁ノ町2228-10,終日,,,水洗式,,1,2,,2,,,,,,○,○,手動式,○,引き戸式,2.93×2.3,向かって左から,,,,光感知式,,,,,,○,,,,,,,,,,,,,,,
162,慈尊院公衆トイレ,九度山町,九度山町慈尊院854番地の3,終日,12,1,水洗式,1,,3,2,,,,,,,○,○,光感知式,○,引き戸式,2.4×2.7,前方・左から,,,,光感知式,,○,,○,,○,慈尊院、丹生官省符神社、勝利寺、紙遊苑、高野山町石道,,,,,,,,,,,,,,
163,丹生川駐車場公衆トイレ,九度山町,九度山町丹生川246-1,終日,15,1,汲み取り式,,1,2,1,1,,,,,,○,○,レバー式,○,引き戸式,2.5×2.852,前方・右から,,,,光感知式,,,,○,,,さえもん、玉川峡,,,,,,,,,,,,,,
164,慈尊院,九度山町,九度山町慈尊院832,終日,,,汲み取り式,,1,2,,1,,,,,,,,,,,,,,,,手動式,,,,,,,慈尊院、,,,,,,,,,,,,,,
165,ふるさと産品直売所,九度山町,九度山町九度山518-1,終日,,,水洗式,,2,5,,3,,,,,,,,,,,,,,,,手動式,,,,○,,,ふるさと産品直売所,,,,,,,,,,,,,,
166,ふるさとセンター,九度山町,九度山町九度山1190,終日,50,1,水洗式,,1,6,1,2,,,,,,○,○,手動式,○,引き戸式,2.4×2.4,前方から,,,○,レバー式,,,,,,,真田庵、,,,,,,,,,,,,,,
167,まちなか休憩所真田憩い茶屋,九度山町,九度山町,終日,,,汲み取り式,,,1,,,1,,,,,,,,,,,,,,,手動式,,,,,,,旧萱野家（大石順教尼の記念館）、対面石,,,,,,,,,,,,,,
168,富貴公衆トイレ,高野町,高野町大字東富貴地内,終日,9,,汲み取り式,,,1,,,,1,,,,,,,,,,,,,,光感知式,,,,,,,,,,,,,,,,,,,,,
169,高野山森林公園スポーツ広場公衆トイレ,高野町,高野町大字高野山地内,終日,20,,水洗式,,1,3,3,2,,,,,,○,○,レバー式,,引き戸式,2.0×2.0,,,,,レバー式,,,,,,,奥の院、檀上伽藍、金剛峯寺,,,,,,,,,,,,,,
170,五の室金輪公園公衆トイレ,高野町,高野町大字高野山地内,終日,,,水洗式,,,2,,,,1,,,,,,,,,,,,,,手動式,,,,,,,奥の院、檀上伽藍、金剛峯寺,,,,,,,,,,,,,,
171,奥の院口公衆トイレ,高野町,高野町大字高野山地内,終日,,,水洗式,2,,5,6,,,,,,,○,○,手動式,○,引き戸式,2.1×2.2,,○,,○,光感知式,○,,○,,,○,奥の院、檀上伽藍、金剛峯寺,男子便器については無水便器,,,,,,,,,,,,,
172,谷ヶ峰公衆トイレ,高野町,高野町大字高野山地内,終日,,,水洗式,1,2,4,4,3,,,,,,○,○,手動式,○,引き戸式,2.0×2.0,,,,,光感知式,,,,,,,奥の院、檀上伽藍、金剛峯寺,,,,,,,,,,,,,,
173,女人堂公衆トイレ,高野町,高野町大字高野山地内,終日,4,,水洗式,,,一体型,,,,4,,,,,,,,,,,,,,手動式,,,,,,,奥の院、檀上伽藍、金剛峯寺,,,,,,,,,,,,,,
174,蓮華谷公衆トイレ,高野町,高野町大字高野山地内,終日,,,水洗式,1,1,2,1,1,,,,,,○,○,手動式,○,引き戸式,2.1×1.6,,,,,レバー式,,,,,,,奥の院、檀上伽藍、金剛峯寺,,,,,,,,,,,,,,
175,金剛峯寺前公衆トイレ,高野町,高野町大字高野山地内,終日,50,,水洗式,1,2,7,3,2,,,,,,○,○,手動式,○,引き戸式,2.0×2.0,,,,,光感知式,,,,,,,奥の院、檀上伽藍、金剛峯寺,,,,,,,,,,,,,,
176,文化通りレストスペース,高野町,高野町大字高野山地内,終日,,,水洗式,1,1,3,3,2,,,,,,○,○,手動式,○,引き戸式,2.0×2.0,,,,,光感知式,,,,,,,奥の院、檀上伽藍、金剛峯寺,,,,,,,,,,,,,,
177,中央公衆トイレ,高野町,高野町大字高野山地内,終日,,,水洗式,,1,4,,2,,,,,,,○,手動式,○,引き戸式,1.9×1.9,,,,,光感知式,,,,,,,奥の院、檀上伽藍、金剛峯寺,,,,,,,,,,,,,,
178,大門公衆トイレ,高野町,高野町大字高野山地内,終日,,,水洗式,,1,3,,3,,,,,,○,○,手動式,○,引き戸式,2.0×2.6,,○,,○,光感知式,○,,,,,○,奥の院、檀上伽藍、金剛峯寺,,,,,,,,,,,,,,
179,中の橋駐車場公衆トイレ(立体),高野町,高野町大字高野山地内,終日,100,5,水洗式,,2,5,,6,,,,,,○,○,レバー式,,引き戸式,2.0×2.0,,,,,レバー式,,,,,,,奥の院、檀上伽藍、金剛峯寺,,,,,,,,,,,,,,
180,中の橋公衆トイレ,高野町,高野町大字高野山地内,終日,100,5,水洗式,,1,2,8,2,7,,,,,○,○,レバー式,,引き戸式,2.1×2.1,,,,,レバー式,,,,,,,奥の院、檀上伽藍、金剛峯寺,,,,,,,,,,,,,,
181,花坂公衆トイレ,高野町,高野町大字花坂地内,終日,,,水洗式,,1,2,1,2,,,,,,○,○,レバー式,○,引き戸式,2.6×2.3,,,,○,光感知式,,,,,,○,高野山町石道,,,,,,,,,,,,,,
182,森林公園駐車場公衆トイレ,高野町,高野町大字高野山地内,終日,50,,水洗式,,1,5,,5,,,,,,,,,,,,,,,,手動式,,,,,,,奥の院、檀上伽藍、金剛峯寺,,,,,,,,,,,,,,
183,高野山駅公衆トイレ,高野町,高野町高野山国有林第9林班ノは,終日,,,水洗式,1,1,3,1,2,,,,,,○,○,光感知式,○,引き戸式,2.5×2.4,前方・左から,,○,○,手動式,,,,,,,高野山,,,,,,,,,,,,,,
184,女人堂公衆トイレ,高野町,高野町大字高野山地内,終日,4,,水洗式,1,,3,3,,,　,,,,○,○,手動式,○,引き戸式,2.2×2.75,前方・左から,,,○,手動式,,○,○,○,,○,奥の院、檀上伽藍、金剛峯寺,高野山女人道ハイキングの基点として利用者が多い,,,,,,,,,,,,,
185,地ノ島海水浴場公衆トイレ,有田市,初島町浜地ノ島,終日,100,,汲み取り式,,1,2,,2,,,,,,,,,,,2.5×2.4,,,,,,,,,,,,有田みかん海道,地ノ島は無人島で、渡船で7分,,,,,,,,,,,,,
186,津井ノ浜公衆トイレ,有田市,宮崎町1238,終日,2,,汲み取り式,,,,,,,1,,,,,,,,,,,,,,,,,,,,,有田みかん海道,道が狭く、軽自動車でないと行けない。,,,,,,,,,,,,,
187,女ノ浦公衆トイレ,有田市,宮崎町1925-4,終日,,,汲み取り式,,1,1,,1,,,,,,,,,,,,,,,,,,,,,,,有田みかん海道,,,,,,,,,,,,,,
188,ウエノ公園公衆トイレ,有田市,宮崎町1166-1,終日,3,,水洗式,,1,1,,1,,,,,,○,○,手動式,○,引き戸式,2.0×2.0,前方から,,,,手動式,,,,,,,有田みかん海道,桜の名所,,,,,,,,,,,,,
189,有田市近畿自然歩道公衆トイレ,有田市,宮原町畑409-4,終日,3,,水洗式,,1,1,,1,,,,,,○,○,手動式,,引き戸式,2.0×2.0,前方・右から,,,,手動式,,,,,,,熊野古道紀伊路,熊野古道蕪坂王子,,,,,,,,,,,,,
190,JR湯浅駅前公衆トイレ,湯浅町,湯浅町湯浅1052,終日,,1,水洗式,,1,2,,2,,,,,,○,○,レバー式,○,引き戸式,2.0×2.0,前方・右から,,,,,,,,,,,重要伝統的建造物群保存地区,,,,,,,,,,,,,,
191,田海岸公衆トイレ,湯浅町,湯浅町田地先,終日,1,1,水洗式,,,1,,1,1,,,,,○,○,レバー式,○,引き戸式,2.0×2.5,前方から,,,,レバー式,,,,,,,"田村海岸
県立西有田自然公園",,,,,,,,,,,,,,
192,小浜海岸公衆トイレ,湯浅町,湯浅町田1232-2,終日,,,汲み取り式,,1,2,,2,,,,,,,,,,,,,,,,,,,,,,,"小浜海岸
県立西有田自然公園",,,,,,,,,,,,,,
193,築港公衆トイレ,湯浅町,湯浅町湯浅地先,終日,1,,汲み取り式,,,1,,,,1,,,,,,,,,,,,,,,,,,,,,"栖原海岸
県立西有田自然公園",,,,,,,,,,,,,,
194,削除,,,,,,,,,,,,,,,,,,,,,,,,,,,,,,,,,,,,,,,,,,,,,,,,
195,栖原海岸公衆トイレ,湯浅町,湯浅町栖原951番地先,終日,,,水洗式,,1,3,,4,,,,,,,,,,,,,,,,,,,,,,,"栖原海岸
県立西有田自然公園",,,,,,,,,,,,,,
196,ふれあいギャラリー,湯浅町,湯浅町湯浅47-6,終日,,,水洗式,,,1,,,1,,,,,,,,,,,,,,,,,,,,,,重要伝統的建造物群保存地区,,,,,,,,,,,,,,
197,甚風呂,湯浅町,湯浅町湯浅428,終日,,,水洗式,,,1,,,1,,,,1,○,○,レバー式,,引き戸式,1.6×2.4,前方から,○,,,レバー式,,,,,○,,重要伝統的建造物群保存地区,,,,,,,,,,,,,,
198,お休処 立石茶屋,湯浅町,湯浅町湯浅860-2,終日,,,水洗式,1,,1,1,,,,,,1,○,○,レバー式,,引き戸式,1.8×2.1,前方・右から,○,,,光感知式,○,,,,○,,熊野古道紀伊路、重要伝統的建造物群保存地区,,,,,,,,,,,,,,
199,施無畏寺,湯浅町,湯浅町栖原地先,終日,,,汲み取り式,,1,1,,2,,,,,,,,,,,,,,,,,,,,,,,施無畏寺、栖原海岸,,,,,,,,,,,,,,
200,なぎ公園公衆トイレ,湯浅町,湯浅町湯浅3273,終日,1,1,水洗式,1,,2,1,1,1,,,,,○,○,手動式,○,引き戸式,2.3×2.4,前方・左から,,,,光感知式,,,,,,○,熊野古道紀伊路、重要伝統的建造物群保存地区,,,,,,,,,,,,,,
201,宮西児童公園公衆トイレ,湯浅町,湯浅町湯浅1691,終日,,1,水洗式,,1,2,1,1,1,,,,,○,○,手動式,○,引き戸式,2.3×3.0,前方・右から,,,,光感知式,,,,,,○,熊野古道紀伊路、重要伝統的建造物群保存地区,,,,,,,,,,,,,,
202,わくわく公園公衆トイレ,湯浅町,湯浅町青木460,終日,,,水洗式,,,,,,1,,,,,○,○,レバー式,○,引き戸式,2.0×2.4,前方・右から,,,,手動式,,,,,,,熊野古道紀伊路、重要伝統的建造物群保存地区,,,,,,,,,,,,,,
203,方津戸グランド公衆トイレ,湯浅町,湯浅町栖原126,終日,,,水洗式,,,,,,1,,,,,○,○,レバー式,○,引き戸式,2.0×2.4,前方・右から,,,,手動式,,,,,,,熊野古道紀伊路、重要伝統的建造物群保存地区,,,,,,,,,,,,,,
204,駅前多目的広場,湯浅町,湯浅町湯浅1077-6,"9:00
17:00",12,1,水洗式,,2,2,,2,1,,,,1,○,○,手動式,○,引き戸式,2.3×2.4,前方から,○,,,手動式,,,,,,,熊野古道、重伝建地区,,,,,,,,,,,,,前方・右・左から,
205,山本風車公衆トイレ,広川町,広川町大字山本1959番地2,終日,,,水洗式,1,1,3,1,3,,,,,,,,,,,,,,,,手動式,,,,,,,山本風車及び前方16基の風車全景,風車全高約100ｍ、タワー高約65ｍの風車及び前方に16基の風車全景,,,,,,,,,,,,,
206,白木公衆トイレ,広川町,広川町大字山本1682番地13,終日,,,汲み取り式,,,1,,,,1,,,,,,,,,,,,,,手動式,,,,,,,西有田県立自然公園海岸,西有田県立自然公園内の海岸あり,,,,,,,,,,,,,
207,小浦公衆トイレ,広川町,広川町大字山本1897番地,終日,,,汲み取り式,,1,2,,2,,,,,,,,,,,,,,,,手動式,,,,,,,西有田県立自然公園海岸,西有田県立自然公園内の海岸あり,,,,,,,,,,,,,
208,小浦奥公衆トイレ,広川町,広川町大字山本1845番地15,終日,,,汲み取り式,,,1,,,,1,,,,,,,,,,,,,,手動式,,,,,,,"西有田県立自然公園海岸内
海洋生物等観察スポット",西有田県立自然公園内の海岸で礁が広がっており、海洋生物等の観察にはよいスポットである,,,,,,,,,,,,,
209,柄杓井公衆トイレ,広川町,広川町大字西広1432番地1,終日,,,汲み取り式,,,1,,,,1,,,,,,,,,,,,,,レバー式,,,,,,,西有田県立自然公園海岸,西有田県立自然公園内の海岸あり,,,,,,,,,,,,,
210,樫長公衆トイレ,広川町,広川町大字西広1317番地4,終日,,,汲み取り式,,,1,,,,1,,,,,,,,,,,,,,手動式,,,,,,,西有田県立自然公園海岸,西有田県立自然公園内の海岸あり,,,,,,,,,,,,,
211,西広ふれあいの森公衆トイレ,広川町,広川町大字西広1番地7,終日,,,水洗式,,2,3,,4,,,,,,,,,,,,,,,,レバー式,,,,,,,西有田県立自然公園内海岸,西有田県立自然公園内にあって、遠浅の砂浜で、小さい子供が安心して海水浴が楽しめます。また、沈む夕陽は和歌山県朝日夕陽にも選ばれている。,,,,,,,,,,,,,
212,唐尾漁協公衆トイレ,広川町,広川町大字唐尾1147番地6,終日,,,水洗式,,,1,,,,1,,,,,,,,,,,,,,手動式,,,,,,,唐尾漁港,漁港に面しており、シーズンには釣り客で賑わう,,,,,,,,,,,,,
213,霊巖寺公衆トイレ,広川町,広川町大字前田501番地1,終日,,,汲み取り式,,,1,,,,1,,,,,,,,,,,,,,手動式,,,,,,,霊巖寺,海抜420ｍあり、前方の明神山に連なる風車や、眼下には市街地や海岸線が見渡せる。また、鳥獣楽園にあっており、野生の猿の一群が時々姿を現す。,,,,,,,,,,,,,
214,広川ダム下公衆トイレ,広川町,広川町大字下津木1619番地先,終日,,,汲み取り式,,,1,,,,1,,,,,,,,,,,,,,手動式,,,,,,,広川ダム,3月下旬から4月上旬にかけて、周辺をソメイヨシノ桜が美しく咲きます。,,,,,,,,,,,,,
215,岩淵公衆トイレ,広川町,広川町大字下津木1776番地5,終日,,,汲み取り式,,,1,,,,1,,,,,,,,,,,,,,手動式,,,,,,,広川ダム,3月下旬から4月上旬にかけて、周辺をソメイヨシノ桜が美しく咲きます。,,,,,,,,,,,,,
216,広川ダム公園公衆トイレ,広川町,広川町大字下津木1756番地1,終日,10,,水洗式,,,1,,,,1,,,,○,○,レバー式,,引き戸式,2.0×2.0,前方・左から,○,,,手動式,○,,,,,,広川ダム,3月下旬から4月上旬にかけて、周辺をソメイヨシノ桜が美しく咲きます。,,,,,,,,,,,,,
217,熊野古道公衆トイレ,広川町,広川町大字河瀬１７２番地,終日,7,,水洗式,,,1,,,,1,,,,○,○,レバー式,,引き戸式,2.0×2.0,前方・右から,○,,,光感知式,,,,,,,熊野古道紀伊路鹿ヶ瀬峠,鹿ヶ瀬峠のふもとに位置し、シーズンには峠越えのハイキングで賑わう。,,,,,,,,,,,,,
218,田口砂防公園公衆トイレ,有田川町,有田川町田口1011,終日,10,1,水洗式,,,2,,,1,1,,,,○,○,レバー式,○,引き戸式,2.0×2.0,前方から,,,,光感知式,,,,,,,田口砂防公園、千葉フルーツパーク　　　　　　　,ブドウ狩りや栗拾いが楽しめる（8月下旬～10月下旬）,,,,,,,,,,,,,
219,千葉の森公園公衆トイレ,有田川町,有田川町大賀畑,終日,30,,汲み取り式,,1,2,,2,,,,,,,,,,,,,,,,手動式,,,,,,,千葉の森公園、千葉フルーツパーク,ブドウ狩りや栗拾いが楽しめる（8月下旬～11月下旬）,,,,,,,,,,,,,
220,鷲ヶ峰コスモスパ－ク公衆トイレ,有田川町,有田川町長谷611,終日,30,,汲み取り式,,,4,,,,3,,,,,,,,,,,,,,手動式,,,,,,,鷲ヶ峰コスモスパ－ク,,,,,,,,,,,,,,
221,鷲ヶ峰コスモスパ－ク「風の館」公衆トイレ,有田川町,有田川町長谷611,"10：00
17：00",30,1,水洗式,,1,2,,2,1,,,,,○,○,レバー式,○,引き戸式,2.5×2.5,前方・右から,,,,レバー式,,,,,,,鷲ヶ峰コスモスパ－ク,,,,,,,,,,,,,,
222,"ＪＲ藤並駅公衆トイレ
（西口側）",有田川町,有田川町明王寺34-7,"7：00
20：00",,1,水洗式,,,,,,1,1,,,,○,○,レバー式,○,引き戸式,2.1×1.8,前方・左から,,,,レバー式,,,,,,○,,,,,,,,,,,,,,,
223,"ＪＲ藤並駅公衆トイレ
（東口側）",有田川町,有田川町明王寺128-2,"7：00
20：00",,1,水洗式,,1,2,1,1,1,,,,,○,○,光感知式,○,引き戸式,2.15×2.2,前方・左から,,,○,光感知式,,,○,○,,○,,,,,,,,,,,,,,,
224,花の里河川公園公衆トイレ,有田川町,有田川町庄921,"9：00
17：00",5,1,水洗式,,,1,,,1,2,,,,○,○,手動式,,引き戸式,2.5×2.5,前方から,,,,レバー式,,,,,,,花の里河川公園,,,,,,,,,,,,,,
225,花の里公園公衆トイレ,有田川町,有田川町庄921,終日,5,1,水洗式,,1,2,,2,,,,,,○,○,押ボタン式,,引き戸式,2.5×2.5,前方・左から,,,,手動式,,,,,,,花の里河川公園,,,,,,,,,,,,,,
226,どんどん広場公衆トイレ,有田川町,有田川町庄1003-2,"9：00
18：00",30,1,水洗式,1,1,5,2,2,,,,,,○,○,押ボタン式,○,引き戸式,2.5×2.5,前方・左から,,,,光感知式,,,,,,○,どんどん広場,,,,,,,,,,,,,,
227,金屋河川敷公衆トイレ,有田川町,有田川町金屋900,終日,,1,水洗式,,1,1,,2,1,,,,,○,○,押ボタン式,,引き戸式,2.5×2.5,前方・左から,,,,手動式,,,,,,,,,,,,,,,,,,,,,
228,役場金屋庁舎前公衆トイレ,有田川町,有田川町金屋3,終日,20,1,水洗式,,1,1,,2,,,,,,○,○,手動式,○,引き戸式,2.5×2.5,前方・左から,,,,光感知式,,,,,,○,,,,,,,,,,,,,,,
229,道の駅「しらまの里」公衆トイレ,有田川町,有田川町宇井苔213-1,終日,30,1,水洗式,,1,2,1,5,1,,,,,○,○,手動式,,引き戸式,2.5×2.5,前方・左から,,,,レバー式,,,,,,,,,,,,,,,,,,,,,
230,道の駅「明恵ふるさと館」公衆トイレ,有田川町,有田川町金屋322-1,終日,30,1,水洗式,,1,3,1,3,,,,,,○,○,手動式,,引き戸式,3.0×3.0,前方・左から,,,,光感知式,,,,,,,,,,,,,,,,,,,,,
231,粟生町営前公衆トイレ,有田川町,有田川町粟生211,終日,2,,汲み取り式,,1,2,,2,,,,,,,,,,,,,,,,手動式,,,,,,,,,,,,,,,,,,,,,
232,粟生の巌公衆トイレ,有田川町,有田川町粟生894,終日,1,,汲み取り式,,,,,,,3,,,,,,,,,,,,,,,,,,○,,,,,,,,,,,,,,,,,
233,二川ダム公園公衆トイレ,有田川町,有田川町二川509-2,終日,10,,汲み取り式,1,,4,,2,,,,,,,,,,,,,,,,手動式,,,,,,,二川ダム公園,,,,,,,,,,,,,,
234,楠本公衆トイレ,有田川町,有田川町楠本（国道沿い）,終日,1,1,バイオ式,,,1,,,1,,,,,○,○,レバー式,○,引き戸式,2.5×2.5,前方・右から,,,,手動式,,,,,○,,生石高原,標高870mあり、360度の眺望と四季折々の草花に彩られます。,,,,,,,,,,,,,
235,楠本札立峠公衆トイレ,有田川町,有田川町楠本1490-82,終日,10,,水洗式,1,1,2,1,2,,,,,,○,○,レバー式,○,引き戸式,2.5×2.5,前方・右から,,,,手動式,,,,,,,生石高原,標高870mあり、360度の眺望と四季折々の草花に彩られます。,,,,,,,,,,,,,
236,道の駅「あらぎの里」公衆トイレ,有田川町,有田川町三田662-1,終日,23,2,水洗式,1,1,3,1,2,,,,,,○,○,押ボタン式,○,引き戸式,2.5×2.5,前方・右から,,,,光感知式,,,,,,,あらぎ島,日本棚田百選に選ばれています。四季折々の姿を見せ、観光客などを魅了します。,,,,,,,,,,,,,
237,三田活性化センタ－公衆トイレ,有田川町,有田川町三田461-2,終日,5,,汲み取り式,,,,,,,1,,,,,,,,,,,,,,レバー式,,,,,,,あらぎ島,日本棚田百選に選ばれています。四季折々の姿を見せ、観光客などを魅了します。,,,,,,,,,,,,,
238,しみず温泉前公衆トイレ,有田川町,有田川町清水1224-2,終日,30,,水洗式,,1,2,,2,,,,,,,,,,,,,,,,手動式,,,,,,,あらぎ島,日本棚田百選に選ばれています。四季折々の姿を見せ、観光客などを魅了します。,,,,,,,,,,,,,
239,しみず温泉第２駐車場公衆トイレ,有田川町,有田川町清水1225-1,終日,15,,水洗式,1,2,5,,2,,,,,,,,,,,,,,,,手動式,,,,,,,あらぎ島,日本棚田百選に選ばれています。四季折々の姿を見せ、観光客などを魅了します。,,,,,,,,,,,,,
240,道の駅「しみず」公衆トイレ,有田川町,有田川町清水607,終日,30,,水洗式,,2,4,,4,,,,,,○,○,光感知式,,引き戸式,2.0×2.0,前方から,,,,手動式,,,,,,,あらぎ島,日本棚田百選に選ばれています。四季折々の姿を見せ、観光客などを魅了します。,,,,,,,,,,,,,
241,杉野原「雨錫寺」公衆トイレ,有田川町,有田川町杉野原976,終日,3,,水洗式,,,1,,,1,1,,,,,,,,,,,,,,手動式,,,,,,,雨錫寺阿弥陀堂,杉野原の御田舞が行われる場所です。,,,,,,,,,,,,,
242,下湯川公衆トイレ,有田川町,有田川町下湯川353-3,終日,1,,汲み取り式,,,1,,,,1,,,,,,,,,,,,,,,,,,,,,湯川渓谷,湯川渓谷には3滝（さがり滝、銚子の滝、五段の滝）があり、秋には紅葉がきれいな場所です。,,,,,,,,,,,,,
243,山の家しみず公衆トイレ,有田川町,有田川町上湯川921,終日,10,1,水洗式,,1,2,,2,,,,,,○,○,押ボタン式,○,引き戸式,2.0×2.0,前方・右から,○,,,手動式,,,,,,,湯川渓谷,湯川渓谷には3滝（さがり滝、銚子の滝、五段の滝）があり、秋には紅葉がきれいな場所です。,,,,,,,,,,,,,
244,境川公衆トイレ,有田川町,有田川町境川,終日,1,,汲み取り式,,,1,,,,1,,,,,,,,,,,,,,,,,,,,,あらぎ島,日本棚田百選に選ばれています。四季折々の姿を見せ、観光客などを魅了します。,,,,,,,,,,,,,
245,吉備湯浅PA公衆トイレ(上り),有田川町,和歌山県有田郡有田川町,終日,45,1,水洗式,1,2,5,1,6,,,,1,2,○,○,レバー式,○,引き戸式,2.0×3.0,前方・右から,○,○,,光感知式,○,○,○,○,,○,"湯浅温泉
二の丸温泉",スナック・物産コーナーあり,,,,,,,,,,,,,
246,吉備湯浅PA公衆トイレ(下り),有田川町,和歌山県有田郡有田川町,終日,34,1,水洗式,1,2,5,1,6,,,,1,2,○,○,レバー式,○,引き戸式,2.0×3.0,前方・右から,○,○,,光感知式,○,○,○,○,,○,"湯浅温泉
二の丸温泉",コンビニ(24時間営業)あり,,,,,,,,,,,,,
247,上湯川公衆トイレ,有田川町,上湯川377,終日,,,汲み取り式,,,1,,,,1,,,,,,,,,,,,,,,,,,,,,湯川渓谷,湯川渓谷にはさがりの滝があり、秋には紅葉がきれいな場所です。,,,,,,,,,,,,,
248,ふれあい水辺公園藤井公衆トイレ,御坊市,御坊市藤田町藤井,終日,50,1,水洗式,,,,,,1,2,,,,○,○,手動式,,外開き式,2.0×3.0,前方から,,,,手動式,,,,○,,,道成寺,,,,,,,,,,,,,,
249,ふれあい水辺公園せせらぎ広場公衆トイレ,御坊市,御坊市野口,普段はクローズ,100,,水洗式,,,,,,1,2,,,,○,○,手動式,,外開き式,2.0×2.0,前方から,,,,手動式,,,,○,,,日高川ゴルフ場,,,,,,,,,,,,,,
250,御坊総合運動公園公衆トイレ,御坊市,御坊市塩屋町南塩屋,終日,150,,水洗式,9,,19,13,,,,,,,○,○,手動式,,外開き式,2.0×3.0,前方から,,,,手動式,,,,○,,,日高港新エネルギーパーク,,,,,,,,,,,,,,
251,日高港新エネルギーパーク,御坊市,御坊市塩屋町南塩屋,"10:00
17：00",20,2,水洗式,1,,3,2,,,,,,3,○,○,手動式,,外開き式,2.0×3.0,前方から,,,,光感知式,,,,○,,,御坊総合運動公園,,,,,,,,,,,,,,
252,日高川ゴルフ場,御坊市,御坊市野口,"8:15
17：00",100,,水洗式,,,,,,,3,,,,○,○,手動式,,外開き式,2.0×2.0,前方から,,,,レバー式,,,,○,,,ふれあい水辺公園せせらぎ広場,,,,,,,,,,,,,,
253,野口オートキャンプ場,御坊市,御坊市野口,キャンプ場利用時は終日,100,,水洗式,1,1,2,2,4,1,,,,,○,○,手動式,,外開き式,2.0×3.0,前方から,,,,レバー式,,,,○,,,野口オートキャンプ場,,,,,,,,,,,,,,
254,野口ゲートボール場,御坊市,御坊市野口,ゲートボール場利用時は終日,100,,水洗式,,1,1,,1,,,,,,,,,,,,,,,,,,,,,,,野口ゲートボール場,,,,,,,,,,,,,,
255,日高港塩屋緑地公衆トイレ,御坊市,御坊市塩屋町南塩屋,終日,15,1,水洗式,,1,2,,2,,,,,,○,○,光感知式,,引き戸式,2.0×2.0,前方から,,,,レバー式,,,,,,,日高港エネルギーパーク,,,,,,,,,,,,,,
256,潮騒かおる公園公衆トイレ,美浜町,美浜町和田1979,終日,12,,水洗式,,1,2,,2,1,,,,,○,,手動式,,引き戸式,,,,,,手動式,,,,,,,潮騒かおる公園,,,,,,,,,,,,,,
257,自衛隊前公衆トイレ,美浜町,美浜町和田1138,終日,,,水洗式,,1,2,,2,1,,,,,○,,手動式,,引き戸式,,,,,,手動式,,,,,,,,,,,,,,,,,,,,,
258,三尾三叉路公衆トイレ,美浜町,美浜町945-1,終日,,,汲み取り式,,,1,,1,,,,,,,,手動式,,,,,,,,手動式,,,,,,,,,,,,,,,,,,,,,
259,浜ノ瀬緑地公園内トイレ,美浜町,美浜町浜ノ瀬海浜地,終日,,,水洗式,,1,2,,2,1,,,,,○,,手動式,,引き戸式,,,,,,手動式,,,○,,,○,浜ノ瀬緑地公園,,,,,,,,,,,,,,
260,吉原公園トイレ,美浜町,美浜町吉原,終日,,,汲み取り式,,,3,,3,1,,,,,○,,手動式,,引き戸式,,,,,,手動式,,,,,,,,,,,,,,,,,,,,,
261,日の岬パーク公衆トイレ,美浜町,美浜町三尾211,終日,20,,水洗式,,,2,,2,,,,,,,,手動式,,引き戸式,,,,,,手動式,,,,,,,日の岬パーク,,,,,,,,,,,,,,
262,西山ピクニック緑地公衆トイレ１,美浜町,美浜町,終日,10,,汲み取り式,,1,3,,3,,,,,,,,,,,,,,,,手動式,,,○,○,,,産湯海水浴場、温泉館「海の里」みちしおの湯、西山ピクニック緑地,,,,,,,,,,,,,,
263,日高町役場,日高町,日高町高家626,終日,21,1,水洗式,,,,,,1,,,,,○,○,足踏式,○,外開き式,2.2×2.4,前方から,,,,光感知式,,,,,,,産湯海水浴場、温泉館「海の里」みちしおの湯、西山ピクニック緑地、熊野古道紀伊路,,,,,,,,,,,,,,
264,柏地区公衆トイレ,日高町,日高町志賀4382番地先,終日,6,1,水洗式,,1,1,,2,1,,,,,○,○,足踏式,○,引き戸式,2.1×2.1,前方・右から,,,,手動式,,,,○,,,"温泉館「海の里」
みちしおの湯",,,,,,,,,,,,,,
265,温泉館「海の里」みちしおの湯,日高町,日高町方杭100,終日,50,2,水洗式,,1,2,,2,1,,,,,○,○,足踏式,○,引き戸式,1.8×1.9,前方・左から,,,,光感知式,,,,○,,,産湯海水浴場、温泉館「海の里」みちしおの湯、西山ピクニック緑地,,,,,,,,,,,,,,
266,比井地区公衆トイレ,日高町,日高町比井79-1,終日,5,,水洗式,,,1,,,1,1,,,,○,○,足踏式,○,引き戸式,2.1×2.1,前方・右から,,,,手動式,,,,○,,,産湯海水浴場、温泉館「海の里」みちしおの湯、西山ピクニック緑地,,,,,,,,,,,,,,
267,産湯パブリックトイレ,日高町,日高町産湯728-1,終日,100,,水洗式,1,1,5,1,3,1,,,,,○,○,手動式,,引き戸式,2.2×2.0,前方から,,,,手動式,,,,○,,,産湯海水浴場、温泉館「海の里」みちしおの湯、西山ピクニック緑地,,,,,,,,,,,,,,
268,阿尾漁港内公衆トイレ,日高町,日高町阿尾108-4,終日,3,1,水洗式,,1,2,,2,1,,,,,○,○,手動式,,引き戸式,1.9×1.9,前方・左から,,,,手動式,,,,○,,,産湯海水浴場、温泉館「海の里」みちしおの湯、西山ピクニック緑地,,,,,,,,,,,,,,
269,金魚茶屋駐車場公衆トイレ,日高町,日高町原谷900,終日,10,,水洗式,,,2,1,2,1,,,,,○,○,手動式,○,引き戸式,1.9×1.8,前方から,,,,手動式,,,,○,,,熊野古道紀伊路,,,,,,,,,,,,,,
270,西山ピクニック緑地公衆トイレ２,日高町,日高町産湯486,終日,5,,汲み取り式,,,3,,,,1,,,,,,,,,,,,,,手動式,,,,○,,,産湯海水浴場、温泉館「海の里」みちしおの湯、西山ピクニック緑地,,,,,,,,,,,,,,
271,小浦地区公衆トイレ,日高町,日高町小浦86-3,終日,8,1,水洗式,,1,1,,1,1,,,,,○,○,手動式,,引き戸式,2.0×2.1,前方・左から,,,,手動式,,,,○,,,産湯海水浴場、温泉館「海の里」みちしおの湯、西山ピクニック緑地,,,,,,,,,,,,,,
272,産湯地区公衆トイレ,日高町,日高町産湯,終日,10,,水洗式,,,2,,,,2,,,,,,,,,,,,,,手動式,,,,,,,産湯海水浴場、温泉館「海の里」みちしおの湯、西山ピクニック緑地,,,,,,,,,,,,,,
273,高家地区公衆トイレ,日高町,日高町高家914,終日,8,1,水洗式,,,,,,1,,,,,○,○,足踏式,,引き戸式,2.4×2.2,前方から,,,,手動式,,,,,,,産湯海水浴場、温泉館「海の里」みちしおの湯、西山ピクニック緑地,,,,,,,,,,,,,,
274,阿戸公衆トイレ,由良町,由良町阿戸1002-37,終日,,1,水洗式,,1,2,,2,,,,,,○,○,レバー式,○,引き戸式,2.0×2.1,前方から,,,,光感知式,,,○,○,,,由良海釣り公園、興国寺,,,,,,,,,,,,,,
275,児童公園公衆トイレ,由良町,由良町里1444,終日,,,水洗式,,,2,,,,2,,,,,,,,,,,,,,手動式,,,,,,,由良海釣り公園、興国寺,,,,,,,,,,,,,,
276,吹井公衆トイレ,由良町,由良町神谷,終日,22,1,水洗式,,,1,,1,,,,,,○,○,光感知式,○,引き戸式,2.1×2.3,前方から,,,,光感知式,,,,○,,,由良海釣り公園,,,,,,,,,,,,,,
277,神谷公衆トイレ,由良町,由良町神谷466-2,終日,14,,水洗式,,1,2,,2,,,,,,○,○,手動式,,引き戸式,1.7×1.7,前方から,,,,手動式,,,,○,,,由良海釣り公園,,,,,,,,,,,,,,
278,汐入橋公衆トイレ,由良町,由良町大引780-5,終日,3,,水洗式,,1,2,,2,,,,,,○,○,手動式,,引き戸式,2.0×2.1,前方から,,,,光感知式,,,,○,,,白崎海岸、白崎万葉公園、白崎海洋公園,,,,,,,,,,,,,,
279,"大引漁港内公衆トイレ
（大引西出公衆トイレ）",由良町,由良町大引616-1,終日,,,汲み取り式,,,1,,,2,1,,,,,,,,,,,,,,手動式,,,,,,,白崎海岸、白崎万葉公園、白崎海洋公園,,,,,,,,,,,,,,
280,白崎万葉公園公衆トイレ,由良町,由良町大引956-5,終日,2,,水洗式,,2,2,,2,,,,,,○,○,光感知式,,引き戸式,1.9×2.0,前方から,,,,光感知式,,,,○,,,白崎海岸、白崎万葉公園、白崎海洋公園,,,,,,,,,,,,,,
281,白崎海洋公園内公衆トイレ（パークセンター側）,由良町,由良町大引960-1,終日,50,,水洗式,,2,4,,4,,,,,,○,○,手動式,○,引き戸式,1.8×2.0,前方から,,,,手動式,,,,○,,,白崎海岸、白崎万葉公園、白崎海洋公園,,,,,,,,,,,,,,
282,白崎海洋公園公衆トイレ（オートキャンプ場側）,由良町,由良町大引960-1,"9:00
17:00",50,,水洗式,,1,2,,2,,,,,,○,○,手動式,,引き戸式,1.8×2.0,前方から,,,,手動式,,,,○,,,白崎海岸、白崎万葉公園、白崎海洋公園,,,,,,,,,,,,,,
283,削除,,,,,,,,,,,,,,,,,,,,,,,,,,,,,,,,,,,,,,,,,,,,,,,,
284,小引農村広場公衆トイレ,由良町,由良町小引543,終日,,,水洗式,,1,1,,1,,,,,,○,○,手動式,,引き戸式,2.1×2.1,前方から,,,,光感知式,,,,○,,,白崎海岸、白崎万葉公園、白崎海洋公園、戸津井鍾乳洞,,,,,,,,,,,,,,
285,戸津井公衆トイレ,由良町,由良町戸津井187-3,終日,,1,水洗式,,1,1,,1,,,,,,○,○,手動式,○,引き戸式,2.1×2.1,前方から,,,,光感知式,,,,○,,,白崎海岸、白崎万葉公園、白崎海洋公園、戸津井鍾乳洞,,,,,,,,,,,,,,
286,漁港美化推進施設公衆トイレ（衣奈公衆トイレ）,由良町,由良町衣奈43-9,終日,3,,水洗式,,1,1,,1,,,,,,○,○,手動式,,引き戸式,2.2×2.0,前方から,,,,光感知式,,,,○,,,白崎海岸、白崎万葉公園、白崎海洋公園、戸津井鍾乳洞、興国寺,,,,,,,,,,,,,,
287,衣奈東公衆トイレ,由良町,由良町衣奈831-5,終日,5,,汲み取り式,,,2,,,,2,,,,,,,,,,,,,,手動式,,,,,,,白崎海岸、白崎万葉公園、白崎海洋公園、戸津井鍾乳洞、興国寺,,,,,,,,,,,,,,
288,町民公園公衆トイレ,由良町,由良町吹井910-1,終日,,1,水洗式,,1,2,,1,,,,,,○,○,光感知式,,引き戸式,2.1×2.1,向かって左から,,,,光感知式,,,,○,,,白崎海岸、白崎万葉公園、白崎海洋公園、戸津井鍾乳洞、興国寺、由良海釣り公園,,,,,,,,,,,,,,
289,道成寺,日高川町,日高川町鐘巻1738,終日,20,1,水洗式,1,,5,5,2,,,,,,○,○,押ボタン式,,引き戸式,1.8×2.0,前方から,○,,,光感知式,○,,,○,,○,道成寺,,,,,,,,,,,,,,
290,和佐駅前公衆トイレ,日高川町,日高川町和佐1429-1,終日,10,,水洗式,,1,2,,2,,,,,,○,○,光感知式,,引き戸式,1.8×2.8,向かって右から,,,,光感知式,,,,○,,○,かわべテニス公園、かわべ天文公園、丹生神社,,,,,,,,,,,,,,
291,かわべ天文公園,日高川町,日高川町和佐2106-1,終日,50,,水洗式,1,,4,3,1,,,,1,,○,○,押ボタン式,○,引き戸式,1.8×2.0,前方から,,,,手動式,,,,○,,○,かわべテニス公園、丹生神社,,,,,,,,,,,,,,
292,大滝川森林公園公衆トイレ,日高川町,日高川町山野2021,終日,15,,汲み取り式,,1,2,,2,,,,,,,,,,,,,,,,手動式,,,,,,,真妻山登山、かわべテニス公園、かわべ天文公園、丹生神社,,,,,,,,,,,,,,
293,メモリアルウエスト日高川,日高川町,日高川町早藤413-1,終日,30,,汲み取り式,,1,1,,2,,,,,,,,,,,,,,,,手動式,,,,,,,日高川（キャンプ、釣り）,,,,,,,,,,,,,,
294,中津産品販売所公衆トイレ,日高川町,日高川町船津794,終日,14,1,水洗式,,1,2,,3,,,,,,○,○,押ボタン式,,引き戸式,2.0×2.0,向かって右から,○,,○,光感知式,,,,○,,○,日高川（キャンプ、釣り）,,,,,,,,,,,,,,
295,なかつ平成の森公衆トイレ,日高川町,日高川町西原362-1,終日,5,,汲み取り式,,1,1,,2,,,,,,,,,,,,,,,,手動式,,,,,,,飯盛山登山,,,,,,,,,,,,,,
296,中津テニスコート公衆トイレ,日高川町,日高川町高津尾1040-1,終日,20,,水洗式,,1,1,,2,,,,,,,,,,,,,,,,手動式,,,,○,,,日高川（キャンプ、釣り）,,,,,,,,,,,,,,
297,第２鳴滝キャンプ場前公衆トイレ,日高川町,日高川町高津尾1013-4,終日,40,2,水洗式,,1,2,,2,,,,,,○,○,押ボタン式,,引き戸式,2.0×2.0,前方から,,,,光感知式,,,○,○,,,なかつカブト虫の森,,,,,,,,,,,,,,
298,鷲の川公衆トイレ,日高川町,日高川町田尻550-8,終日,10,,汲み取り式,,,2,,,,2,,,,,,,,,,,,,,手動式,,,,,,,鷲の川アマゴ釣り堀、矢筈岳登山,,,,,,,,,,,,,,
299,日高川町役場美山支所前公衆トイレ,日高川町,日高川町川原河202-1,終日,30,,水洗式,,,1,,,,1,,,,○,○,押ボタン式,,引き戸式,2.2×2.2,向かって右から,,,,光感知式,,,,○,,,日高川（キャンプ、釣り）,,,,,,,,,,,,,,
300,美山若者広場公衆トイレ,日高川町,日高川町初湯川1911-14,終日,50,,水洗式,,2,4,1,3,,,,,,○,○,押ボタン式,,引き戸式,2.2×2.2,前方から,,,,レバー式,,,,○,,,ヤッホーポイント、リフレッシュエリアみやまの里（藤棚ロード）,,,,,,,,,,,,,,
301,椿山ダム公衆トイレ,日高川町,日高川町初湯川1875-1,終日,6,,水洗式,,,2,,,,1,,,,○,○,押ボタン式,,引き戸式,2.2×2.2,前方から,,,,手動式,,,,○,,,ヤッホーポイント、リフレッシュエリアみやまの里（藤棚ロード）,,,,,,,,,,,,,,
302,グリーンパーク椿山公衆トイレ,日高川町,日高川町初湯川1881-3,終日,10,,水洗式,,1,1,,2,,,,,,,,,,,,,,,,光感知式,,,,○,,,ヤッホーポイント、リフレッシュエリアみやまの里（藤棚ロード）,,,,,,,,,,,,,,
303,浪瀬公衆トイレ,日高川町,日高川町初湯川1949-1,終日,15,,水洗式,,2,2,,2,,,,,,○,○,押ボタン式,,引き戸式,2.0×2.0,前方から,,,,レバー式,,,,○,,,ヤッホーポイント、リフレッシュエリアみやまの里（藤棚ロード）,,,,,,,,,,,,,,
304,猪谷パーク公衆トイレ,日高川町,日高川町初湯川1737,終日,28,2,水洗式,,1,2,,1,,,,,,○,○,押ボタン式,,引き戸式,2.4×2.4,向かって左から,,,,光感知式,,,,○,○,○,猪谷療養温泉館、猪谷川水辺公園,,,,,,,,,,,,,,
305,寒川公衆トイレ,日高川町,日高川町寒川137-1,終日,3,,水洗式,,,1,,,,1,,,,○,○,押ボタン式,,引き戸式,2.0×2.0,前方から,,,,レバー式,,,,○,,,寒川神社,,,,,,,,,,,,,,
306,森の鼻休憩所公衆トイレ,みなべ町,みなべ町堺578,終日,35,1,水洗式,,1,2,2,,,,,,,○,○,手動式,,外開き式,2.0×3.0,前方から,,,,レバー式,,○,,,,○,,,,,,,,,,,,,,,
307,二子の浜公衆トイレ,みなべ町,みなべ町埴田1430,終日,2,,水洗式,,1,2,,2,,,,,,○,○,手動式,,引き戸式,2.1×2.1,前方から,,,,光感知式,,,,,,,みなべ温泉,,,,,,,,,,,,,,
308,岩代公衆トイレ,みなべ町,みなべ町西岩代,終日,3,1,水洗式,,1,1,,1,,,,,,○,○,手動式,○,引き戸式,2.1×2.1,前方から,,,,光感知式,,,,,,○,"熊野古道紀伊路
岩代王子",,,,,,,,,,,,,,
309,岩代大梅林公衆トイレ,みなべ町,みなべ町西岩代,終日,30,1,水洗式,,1,2,,2,,,,,,○,○,手動式,,引き戸式,2.1×2.5,前方から,,,,光感知式,,,,,,○,岩代大梅林,,,,,,,,,,,,,,
310,南部梅林公衆トイレ,みなべ町,みなべ町晩稲,終日,6,1,水洗式,,1,1,,1,,,,,,○,○,手動式,,引き戸式,2.0×3.0,向かって右から,,,,光感知式,,,,,,○,南部梅林,,,,,,,,,,,,,,
311,うめ振興館公衆トイレ,みなべ町,みなべ町谷口538-1,終日,45,2,水洗式,,1,3,1,2,,,,,,○,○,レバー式,○,引き戸式,1.5×2.0,前方から,,,,光感知式,,,,,,,道の駅 うめ振興館,,,,,,,,,,,,,,
312,清川球場公衆トイレ,みなべ町,みなべ町清川1267,終日,30,1,水洗式,,1,2,,2,,,,,,○,,手動式,○,外開き式,2.0×2.0,前方から,,,,手動式,,○,○,,,,紀州備長炭振興館,,,,,,,,,,,,,,
313,南部梅林駐車場公衆トイレ,みなべ町,みなべ町晩稲,終日,50,1,水洗式,,1,2,1,1,,,,,,○,○,光感知式,○,引き戸式,2.2×2.9,前方から,,,,光感知式,,,,,,○,南部梅林,,,,,,,,,,,,,,
314,須賀神社,みなべ町,みなべ町西本庄242,終日,, ,水洗式,,1,4,,4,,,,,,○,,手動式,,引き戸式,2.0×2.1,前方から,○,,,手動式,,,,,,,須賀神社,,,,,,,,,,,,,,
315,川又観音,印南町,印南町大字川又486-16,終日,30,2,汲み取り式,,,3,,,1,1,,,,,,,,,,,,,,手動式,,,,,,,川又観音,,,,,,,,,,,,,,
316,東光寺,印南町,印南町大字印南2332,終日,10,2,水洗式,,2,2,,1,,,,,,,,,,,,,,,,手動式,,,,,,,東光寺,,,,,,,,,,,,,,
317,瀧法寺,印南町,印南町大字印南原493,終日,10,2,汲み取り式,,,3,,,,2,,,,,,,,,,,,,,手動式,,,,,,,瀧法寺,,,,,,,,,,,,,,
318,印定寺,印南町,印南町大字印南2260,終日,10,2,水洗式,,,3,,,,3,,,,,,,,,,,,,,手動式,,,,,,,印定寺,,,,,,,,,,,,,,
319,切目王子公衆トイレ,印南町,印南町大字西ノ地328,終日,5,2,水洗式,,,,,,,1,,,,,,,,,,,,,,手動式,,,,,,,熊野古道紀伊路、切目王子,,,,,,,,,,,,,,
320,切目中山王子公衆トイレ,印南町,印南町大字西ノ地2917,終日,5,2,汲み取り式,,,2,,,1,1,,,,,,,,,,,,,,手動式,,,,,,,熊野古道紀伊路、切目中山王子,,,,,,,,,,,,,,
321,サンシャイン牧場,印南町,印南町大字印南原5640,終日,20,2,汲み取り式,,,,,,,3,,,,,,,,,,,,,,手動式,,,,,,,サンシャイン牧場,,,,,,,,,,,,,,
322,フレッシュマート,印南町,印南町大字印南261-1,終日,20,2,水洗式,,,1,,,,1,,,,,,,,,,,,,,手動式,,,,,,,,,,,,,,,,,,,,,
323,印南SA公衆トイレ(上り),印南町,和歌山県日高郡印南町,終日,44,1,水洗式,1,1,4,4,4,,,,1,5,○,○,レバー式,○,引き戸式,2.0×3.0,前方・右から,○,○,○,光感知式,○,○,○,○,,○,,スナック・物産コーナーあり,,,,,,,,,,,,,
324,印南SA公衆トイレ(下り),印南町,和歌山県日高郡印南町,終日,31,1,水洗式,1,1,4,4,4,,,,1,5,○,○,レバー式,○,引き戸式,2.0×3.0,前方・左から,○,○,○,光感知式,○,○,○,○,,○,,白浜方面への最終SA,,,,,,,,,,,,,
325,奥熊野古道本宮公衆トイレ,田辺市,田辺市本宮町伏拝,終日,30,2,水洗式,1,1,4,1,4,,,,,,○,○,手動式,○,引き戸式,2.3×1.8,前方から,,,,光感知式,,○,○,○,,,,,,,,,,,,,,,,,
326,発心門公衆トイレ(休憩所),田辺市,田辺市本宮町三越,終日,,,バイオ式,1,1,2,1,2,,,,,,○,○,手動式,○,引き戸式,2.2×2.0,前方から,,,,光感知式,,○,,○,,○,熊野古道中辺路、発心門王子,隣接地（空き地）に駐車可,,,,,,,,,,,,,
327,伏拝公衆トイレ(休憩所),田辺市,田辺市本宮町伏拝,終日,,,バイオ式,1,1,2,1,2,,,,,,,,,,,,,,,,光感知式,,○,,○,,○,熊野古道中辺路、伏拝王子,休憩所には販売所あり（不定休）,,,,,,,,,,,,,
328,八木尾公衆トイレ,田辺市,田辺市本宮町切畑,終日,,,水洗式,,1,2,1,1,,,,,,,,,,,,,,,,手動式,,,○,○,,,熊野古道中辺路、小辺路,地区集会所に併設,,,,,,,,,,,,,
329,船玉広場（赤木越入口）公衆トイレ,田辺市,田辺市本宮町三越,終日,,,汲み取り式,,1,1,,2,,,,,,,,,,,,,,,,手動式,,,,○,,,熊野古道中辺路、赤木越,船玉神社近く,,,,,,,,,,,,,
330,湯峯公衆トイレ（県立）,田辺市,田辺市本宮町湯峯,終日,"44
うち大型3",2,水洗式,,1,2,,2,,,,,,○,○,手動式,○,引き戸式,2.2×1.9,前方から,,,,光感知式,,○,○,○,,,湯の峰温泉,,,,,,,,,,,,,,
331,請川公衆トイレ（県立）,田辺市,田辺市本宮町請川,終日,1,1,水洗式,,1,2,1,2,,,,,,○,○,手動式,○,引き戸式,2.8×2.3,前方から,,,,光感知式,,,○,,,,熊野古道中辺路、小雲取越登り口,,,,,,,,,,,,,,
332,本宮大社下公衆トイレ（県立）,田辺市,田辺市本宮町本宮,終日,,,水洗式,,2,3,1,2,,,,,,○,○,手動式,○,引き戸式,2.2×2.2,前方・左から,,,,光感知式,,,,○,,,熊野本宮大社,,,,,,,,,,,,,,
333,川湯公衆トイレ,田辺市,田辺市本宮町川湯,終日,,,水洗式,,,1,,1,,,,,,,,,,,,,,,,手動式,,,,,,,川湯温泉,,,,,,,,,,,,,,
334,新川湯広場公衆トイレ,田辺市,田辺市本宮町川湯,終日,,,水洗式,,1,1,1,1,,,,,,○,○,手動式,○,引き戸式,2.2×2.2,前方から,○,,,光感知式,,○,○,○,,,川湯温泉,薬師広場内,,,,,,,,,,,,,
335,小雲取公衆トイレ（県立）,田辺市,田辺市本宮町皆瀬川,終日,,,バイオ式,,,,,,1,,,,,,,,,,,,,,,手動式,,,,,,,熊野古道中辺路、百間ぐら,隣接地（空き地）に駐車可,,,,,,,,,,,,,
336,音無川公衆トイレ,田辺市,田辺市本宮町本宮,終日,8,1,水洗式,,1,2,1,1,,,,,,○,○,手動式,○,引き戸式,3.0×1.8,左から,○,,○,光感知式,,○,,○,,○,"熊野本宮大社
大斎原（旧社地）",,,,,,,,,,,,,,
337,水呑王子公衆トイレ,田辺市,田辺市本宮町三越,終日,,,バイオ式,,,,,,2,,,,,,,,,,,,,,,手動式,,,○,,,,熊野古道中辺路、水呑王子,,,,,,,,,,,,,,
338,世界遺産熊野本宮館公衆トイレ（北・南館）,田辺市,田辺市本宮町本宮,終日,"56
うち大型2",2,水洗式,2,2,7,5,3,,,,,,○,○,光感知式,○,引き戸式,1.8×2.5,前方から,,,○,光感知式,,○,,○,,○,"熊野本宮大社
大斎原（旧社地）",,,,,,,,,,,,,,
339,滝尻公衆トイレ,田辺市,田辺市中辺路町栗栖川,終日,,,水洗式,,1,2,,2,,,,,,○,○,手動式,,引き戸式,1.7×2.1,前方から,,,,手動式,,,,,○,,"熊野古道中辺路、滝尻王子
熊野古道館",,,,,,,,,,,,,,
340,牛馬童子公衆トイレ,田辺市,田辺市中辺路町近露,終日,"19
うち大型3",,水洗式,,1,3,3,4,,,,,3,○,○,押ボタン式,,引き戸式,2.1×2.1,前方から,,,,手動式,,,,○,,,熊野古道中辺路、牛馬童子,,,,,,,,,,,,,,
341,中辺路新滝尻公衆トイレ,田辺市,田辺市中辺路町栗栖川,終日,"9
うち大型6",1,水洗式,1,,3,2,1,,,,,,○,○,光感知式,,引き戸式,2.5×2.0,前方・左から,,,,光感知式,,,,,,○,"熊野古道中辺路、滝尻王子
熊野古道館",,,,,,,,,,,,,,
342,水上公衆トイレ,田辺市,田辺市中辺路町水上,終日,10,,水洗式,,2,3,,5,,,,,,○,○,押ボタン式,,引き戸式,1.8×2.7,右から,,,,"手動式
光感知式",,○,,,,,,,,,,,,,,,,,,,
343,真砂公衆トイレ,田辺市,田辺市中辺路町真砂,終日,,,水洗式,,1,1,,3,,,,,,,,,,,,,,,,手動式,,,,,,,"一願寺
清姫の墓",,,,,,,,,,,,,,
344,野中公衆トイレ,田辺市,田辺市中辺路町野中,終日,4,,水洗式,,1,1,,3,,,,,,○,○,手動式,,引き戸式,1.9×2.1,左から,,,○,手動式,,,,○,,,"熊野古道中辺路、一方杉　継桜王子
とがのき茶屋",,,,,,,,,,,,,,
345,小広公衆トイレ,田辺市,田辺市中辺路町野中,終日,,,水洗式,,,1,,,,1,,,,○,○,手動式,,折りたたみ式,2.1×2.1,前方から,,,,手動式,,,,○,,,熊野古道中辺路、小広王子,隣接地（空き地）に駐車可,,,,,,,,,,,,,
346,新近露王子公衆トイレ,田辺市,田辺市中辺路町近露,終日,2,,水洗式,,1,2,,2,,,,,,○,○,押ボタン式,○,折りたたみ式,2.7×2.3,前方から,,,○,光感知式,,○,,,,○,"熊野古道中辺路、近露王子
熊野古道なかへち美術館",,,,,,,,,,,,,,
347,近露公衆トイレ,田辺市,田辺市中辺路町近露,終日,"35
うち大型7",1,水洗式,,2,5,,4,,,,,,○,○,押ボタン式,,引き戸式,1.8×1.8,前方から,,,,"手動式
光感知式",,○,○,,,,"熊野古道中辺路、近露王子
熊野古道なかへち美術館",,,,,,,,,,,,,,
348,十丈王子公衆トイレ,田辺市,田辺市大内川,終日,,,バイオ式,,,,,,,2,,,,,,,,,,,,,,,,,○,,,,熊野古道中辺路、十丈王子,,,,,,,,,,,,,,
349,乙女の湯公衆トイレ,田辺市,田辺市下川下,終日,18,,水洗式,,1,1,1,1,,,,,,,,,,,,,,,,光感知式,,,,○,,,"青少年旅行村
乙女の湯",,,,,,,,,,,,,,
350,ふるさとセンター大塔公衆トイレ,田辺市,田辺市鮎川,終日,"13
うち大型2",2,水洗式,,,1,,,,1,,,,○,○,手動式,,引き戸式,1.6×1.8,前方から,○,,,手動式,,,○,○,,,ふるさとセンター大塔,,,,,,,,,,,,,,
351,削除,,,,,,,,,,,,,,,,,,,,,,,,,,,,,,,,,,,,,,,,,,,,,,,,
352,護摩壇山公衆トイレ,田辺市,奈良県吉野郡十津川村大字杉清地内,終日,50,,水洗式,,1,3,,2,,,,,,○,○,手動式,,引き戸式,2.4×2.1,前方・左から,,,,光感知式,,,○,○,,,ごまさんスカイタワー,,,,,,,,,,,,,,
353,大熊公衆トイレ,田辺市,田辺市龍神村龍神,終日,5,,汲み取り式,,1,5,,4,,,,,,,,,,,,,,,,手動式,,,,,,,高野龍神スカイライン,,,,,,,,,,,,,,
354,皆瀬公衆トイレ,田辺市,田辺市龍神村龍神,終日,1,,汲み取り式,,2,4,,4,,,,,,,,,,,,,,,,手動式,,,,,,,"曼陀羅美術館
龍神温泉",,,,,,,,,,,,,,
355,グリーンランド公衆トイレ,田辺市,田辺市龍神村龍神,終日,11,,水洗式,1,1,3,1,3,,,,,,○,○,押ボタン式,,引き戸式,2.2×3.0,前方・左から,,,○,光感知式,,,,,,○,"曼陀羅美術館
龍神温泉",,,,,,,,,,,,,,
356,紀の国新王子公衆トイレ,田辺市,田辺市龍神村龍神,終日,3,,水洗式,,1,2,,2,,,,,,○,○,手動式,,引き戸式,1.8×2.2,前方・左から,,,,手動式,,,,,,,"道の駅龍神
龍神温泉",,,,,,,,,,,,,,
357,龍神温泉公衆トイレ,田辺市,田辺市龍神村龍神59,終日,5,,水洗式,1,1,3,2,2,,,,,,○,○,押ボタン式,○,引き戸式,2.0×2.3,前方・左から,,,,光感知式,,,○,○,,○,"龍神温泉
曼陀羅の滝",,,,,,,,,,,,,,
358,殿原公衆トイレ,田辺市,田辺市龍神村殿原1286-2,終日,5,,水洗式,,,1,,1,,,,,,○,○,手動式,,外開き式,1.1×1.5,前方から,,,,手動式,,,,,,,,,,,,,,,,,,,,,
359,柳瀬公衆トイレ,田辺市,田辺市龍神村柳瀬908,終日,10,,水洗式,,1,4,,4,,,,,,,,,,,,,,,,手動式,,,,,,,,,,,,,,,,,,,,,
360,虎ヶ峰公衆トイレ,田辺市,田辺市龍神村柳瀬上笹ノ川1695-29,終日,15,,水洗式,,1,2,,2,,,,,,○,○,手動式,,引き戸式,2.1×2.1,前方・左から,,,,手動式,,,,○,,,,,,,,,,,,,,,,,
361,小菅公衆トイレ,田辺市,田辺市龍神村福井,終日,30,,水洗式,,1,3,1,2,,,,,2,○,○,押ボタン式,,引き戸式,1.8×2.3,前方・左から,○,,,手動式,○,,,,,○,道の駅龍游,,,,,,,,,,,,,,
362,小家谷口公衆トイレ,田辺市,田辺市龍神村小家,終日,8,,汲み取り式,,1,,,1,,,,,,,,,,,,,,,,手動式,,,,,,,小家キャンプ場,,,,,,,,,,,,,,
363,小家公衆トイレ,田辺市,田辺市龍神村小家673,終日,1,,水洗式,,,2,,,,1,,,,,,,,,,,,,,手動式,,,,,,,小家キャンプ場,,,,,,,,,,,,,,
364,田辺梅林公衆トイレ,田辺市,田辺市上芳養石神,終日,12,,汲み取り式,,1,2,,2,,,,,,○,○,なし,,引き戸式,2.0×2.0,前方から,,,,手動式,,,,,,,紀州田辺梅林,,,,,,,,,,,,,,
365,高山寺公衆トイレ,田辺市,"田辺市稲成町392
",終日,,,水洗式,,1,2,1,1,,,,,,○,○,押ボタン式,,引き戸式,1.8×2.7,前方・右から,,,,光感知式,,,,,,○,高山寺,,,,,,,,,,,,,,
366,ひき岩群国民休養地公衆トイレ,田辺市,稲成町字動鳴気1627-1,終日,12,,水洗式,,1,2,,2,1,,,,,○,○,押ボタン式,,引き戸式,1.8×2.3,向かって左から,,,,光感知式,,,,,,,ひき岩群,,,,,,,,,,,,,,
367,近畿自然歩道奇絶峡公衆トイレ,田辺市,田辺市上秋津１４１６,終日,5,,水洗式,,1,1,,1,1,,,,,○,○,押ボタン式,○,引き戸式,2.4×3.3,向かって左から,,,,光感知式,,,,,,○,奇絶峡,,,,,,,,,,,,,,
370,三越峠公衆トイレ兼休憩所,田辺市,田辺市中辺路町道湯川,"8:00
17:00",,,バイオ式,1,,,1,,,,,,,,,,,,,,,,,レバー式,,○,○,,,,熊野古道　発心門王子,カキガラを利用した浄化循環式トイレ,,,,,,,,,,,,,
371,白浜会館,白浜町,白浜町1,"8:30
17:00",50,2,水洗式,,7,16,,8,,2,,,,○,○,レバー式,,引き戸式,3.0×3.0,前方・右から,,,,レバー式,,,,,,,江津良海水浴場,,,,,,,,,,,,,,
372,青少年研修センター,白浜町,白浜町1-1,"9:00
22:00",6,,水洗式,1,4,8,2,6,,,,,,○,○,レバー式,,引き戸式,1.9×2.2,前方・右から,,,,レバー式,,,,,,,江津良海水浴場,,,,,,,,,,,,,,
373,白浜町立総合体育館,白浜町,白浜町29-3,"8:30
17:00",80,1,水洗式,1,3,10,2,16,,,,,,○,○,レバー式,,引き戸式,2.7×2.0,前方・右から,,,,レバー式,,,,,,,江津良海水浴場,,,,,,,,,,,,,,
374,白浜町中央公民館,白浜町,白浜町1130-9,"8:30
17:00",28,1,水洗式,,4,6,,6,,,,,,○,○,レバー式,○,引き戸式,2.0×2.0,前方・左から,,,,手動式,,,,,,,白良浜,,,,,,,,,,,,,,
375,白良浜公衆トイレ（たこ公園前）,白浜町,白浜町864,終日,,,水洗式,1,2,,2,1,,,,,,○,○,レバー式,,引き戸式,2.0×2.0,前方・左から,,,,光感知式,,,○,,,,白良浜,,,,,,,,,,,,,,
376,白良湯,白浜町,白浜町3313-1,"7:30
17:00",6,1,水洗式,1,,2,2,,,,,,,○,○,レバー式,,引き戸式,2.0×2.0,前方・右・左から,,,,レバー式,,,,,,○,白良浜,,,,,,,,,,,,,,
377,白良浜公衆トイレ（薬師堂前）,白浜町,白浜町3121-8,終日,,,水洗式,1,2,5,2,10,,,,,,○,○,レバー式,,引き戸式,2.0×2.0,前方・左から,,,,光感知式,,,○,,,○,白良浜,,,,,,,,,,,,,,
378,白浜町役場,白浜町,白浜町1600,"8:30
17:00",20,3,水洗式,,2,8,2,2,,3,,,,○,○,レバー式,,引き戸式,1.7×2.0,前方から,,,,レバー式,,,,,,,白良浜,,,,,,,,,,,,,,
379,平草原公園公衆トイレ,白浜町,白浜町2054-1,"8:30
17:00",60,2,水洗式,,2,5,,6,,,,,,○,○,レバー式,,引き戸式,2.0×2.0,前方・右・左から,,,,レバー式,,,,,,,白浜民俗温泉資料館,,,,,,,,,,,,,,
380,白浜民俗温泉資料館,白浜町,白浜町2054-1,"8:30
17:00",60,2,水洗式,,2,2,,2,,,,,,○,○,レバー式,,外開き式,2.0×2.0,前方・右・左から,,,,レバー式,,,,,,,平草原,,,,,,,,,,,,,,
381,千畳敷公衆トイレ,白浜町,白浜町2927-75,終日,60,,水洗式,1,1,3,1,3,,,,,,○,○,レバー式,,外開き式,2.5×2.5,前方から,,,,手動式,,,○,,,,千畳敷,,,,,,,,,,,,,,
382,三段壁公衆トイレ（展望台前）,白浜町,白浜町2927-1823,終日,30,,水洗式,1,2,5,1,4,1,,,,,○,○,レバー式,,外開き式,2.5×2.5,前方・左から,,,,光感知式,,,○,,○,○,三段壁,,,,,,,,,,,,,,
383,三段壁公衆トイレ（駐車場）,白浜町,白浜町2927-317,終日,30,,水洗式,,,2,,2,1,,,,,○,○,レバー式,,外開き式,2.5×2.5,前方・左から,,,,手動式,,,○,,,,三段壁,,,,,,,,,,,,,,
384,白浜町立体育館,白浜町,白浜町十九渕237,"8:30
17:00",11,2,水洗式,,2,3,,3,,,,,,○,○,レバー式,,引き戸式,1.7×2.8,前方・右から,,,,レバー式,,,,,,,,,,,,,,,,,,,,,
385,白浜町立児童館,白浜町,白浜町十九渕237,"8:30
17:00",11,2,水洗式,,,6,,,,2,,,,○,○,レバー式,,引き戸式,"1.0×2.3
1.1×1.5",前方から,,,,レバー式,,,,,,,,,,,,,,,,,,,,,
386,ＪＲ白浜駅公衆トイレ,白浜町,白浜町堅田1475,終日,30,2,水洗式,,2,3,,3,,,,,,○,○,レバー式,,引き戸式,1.1×2.1,前方から,,,,光感知式,,,○,○,,○,,,,,,,,,,,,,,,
387,南紀白浜空港,白浜町,白浜町2926,"8:45
19:30",229,,水洗式,2,4,7,2,6,,,,2,,○,○,光感知式,,引き戸式,2.7×2.0　　1.8×2.0,前方から,,,○,光感知式,,,○,○,○,○,平草原、　　　　　　　　　　　　　　　　　　　　　アドベンチャーワールド,多目的トイレに着替え台あり,,,,,,,,,,,,,
388,近畿自然歩道富田公衆トイレ,白浜町,白浜町富田1206-1,"8:45
19:30",10,1,水洗式,,1,2,1,1,,,,,,○,○,光感知式,○,引き戸式,3.1×2.6,前方から,,○,○,光感知式,,,○,○,○,,熊野古道大辺路富田坂,,,,,,,,,,,,,,
389,椿はなの湯,白浜町,白浜町椿1058-1,"外：終日
中：9:00
　　21:00（3月～10月）
9:00
20:00（11月～2月）",15,2,水洗式,1,,2,2,,2,,,,,○,○,レバー式,,引き戸式,1.8×2.5,前方・左から,,,,光感知式,,,,,,,熊野古道大辺路・富田坂　　　　椿温泉,,,,,,,,,,,,,,
390,若もの広場公衆トイレ,上富田町,上富田町市ノ瀬2504,"8:45
19:30",4,1,水洗式,,1,2,,2,,,,,,○,○,手動式,,引き戸式,1.5×1.5,前方から,,,,手動式,,,,,,,"若もの広場
龍松山城跡",,,,,,,,,,,,,,
391,彦五郎公園公衆トイレ,上富田町,上富田町生馬523-3,"8:45
19:30",10,,水洗式,,1,2,,2,,,,,,○,○,手動式,,引き戸式,1.5×2.5,前方から,,,,手動式,,,,,,,彦五郎公園,,,,,,,,,,,,,,
392,救馬渓観音（駐車場）,上富田町,上富田町生馬313,終日,50,,水洗式,,1,1,,2,,,,,,,,,,,,,,,,手動式,,,,,,,救馬渓観音,,,,,,,,,,,,,,
393,稲葉根王子公衆トイレ,上富田町,上富田町岩田,終日,,,水洗式,,,1,,,1,2,,,,,,,,,,,,,,手動式,,,,,,,熊野古道中辺路稲葉根王子,,,,,,,,,,,,,,
394,八上王子公衆トイレ,上富田町,上富田町岡1383,終日,5,1,水洗式,1,,2,1,1,,,,,,○,○,光感知式,○,引き戸式,2.5×2.5,前方から,○,,○,光感知式,,,,,○,○,八上王子,,,,,,,,,,,,,,
395,生馬公衆トイレ,上富田町,上富田町生馬,終日,,,水洗式,1,,2,1,1,,,,,,○,○,光感知式,○,引き戸式,2.5×2.5,前方から,○,,○,光感知式,,,,,○,○,観音寺,,,,,,,,,,,,,,
396,日本童謡の園,すさみ町,すさみ町江住字崎山142,終日,15,,水洗式,,1,4,,4,,,,,,○,○,手動式,,引き戸式,1.5×2.0,向かって右から,,,,手動式,,○,,,,,エビとカニの水族館,,,,,,,,,,,,,,
397,すさみ海水浴場公衆トイレ,すさみ町,すさみ町周参見東浜4581-1,終日,50,1,水洗式,,1,2,,3,,,,,,○,○,手動式,,引き戸式,2.0×2.5,向かって左から,,,,手動式,,○,○,,,,すさみ海水浴場,,,,,,,,,,,,,,
398,道の駅ｲﾉﾌﾞｰﾀﾝﾗﾝﾄﾞすさみ公衆トイレ,すさみ町,すさみ町見老津1-32,終日,13,1,水洗式,1,1,4,1,3,,,,,,○,○,レバー式,○,引き戸式,2.0×2.5,向かって左から,,,○,レバー式,,,,,,,"熊野古道大辺路長井坂
婦夫波",,,,,,,,,,,,,,
399,熊野古道和深川公衆トイレ,すさみ町,すさみ町口和深258,終日,4,,水洗式,,,1,,,,1,,,,○,○,レバー式,,引き戸式,2.0×2.5,向かって左から,,,,レバー式,,,,,,,熊野古道大辺路長井坂,,,,,,,,,,,,,,
400,熊野古道見老津公衆トイレ,すさみ町,すさみ町見老津27-2,終日,4,,水洗式,,,1,,,,1,,,,○,○,レバー式,,引き戸式,2.0×2.5,向かって左から,,,,レバー式,,,,,,,熊野古道大辺路長井坂,,,,,,,,,,,,,,
401,浮島の森公衆トイレ,新宮市,新宮市浮島3-8,9:00    　　　  17:00,6,,水洗式,,1,3,1,1,,,,,,○,○,光感知式,,引き戸式,2.0×2.0,前方から,,,,光感知式,,,○,,,,"熊野速玉大社
徐福公園",,,,,,,,,,,,,,
402,徐福公園公衆トイレ,新宮市,新宮市徐福1-4-24,9:00  　　　   18:00,,,水洗式,,1,3,1,1,,,,,,○,○,手動式,,引き戸式,2.0×2.0,前方から,,,,手動式,,,,,,,"熊野速玉大社
浮島の森",,,,,,,,,,,,,,
403,高野坂公衆トイレ,新宮市,新宮市広角,終日,4,,水洗式,,,1,,,1,,,,,○,○,光感知式,,引き戸式,2.0×2.0,前方から,,,,光感知式,,,,,,,熊野速玉大社,,,,,,,,,,,,,,
404,速玉大社,新宮市,新宮市新宮1番地,終日,,,水洗式,,1,6,1,3,,,,,,,,,,,,,,,,手動式,,,,,,,"丹鶴城
徐福公園",,,,,,,,,,,,,,
405,丹鶴城公衆トイレ,新宮市,新宮市丹鶴,終日,,,水洗式,,1,3,,2,,,,,,,,,,,,,,,,手動式,,,,,,,"熊野速玉大社
徐福公園",,,,,,,,,,,,,,
406,黒潮公園公衆トイレ（１）,新宮市,新宮市佐野上地,終日,,,水洗式,,,1,,,1,1,,,,○,○,レバー式,,引き戸式,2.0×2.0,向かって右から,,,,レバー式,,,○,,○,,熊野古道大辺路高野坂,,,,,,,,,,,,,,
407,黒潮公園公衆トイレ（２）,新宮市,新宮市佐野上地,終日,,,水洗式,,,1,,,1,,,,,○,○,レバー式,,引き戸式,2.0×2.0,向かって右から,,,,レバー式,,,○,,○,,熊野古道大辺路高野坂,,,,,,,,,,,,,,
408,道の駅公衆トイレ（瀞峡街道・熊野川）,新宮市,新宮市熊野川町田長,終日,45,2,水洗式,,2,3,,4,,,,,,○,○,手動式,,引き戸式,2.0×2.0,向かって右から,,,,レバー式,,,,,,,"鼻白の滝
川舟下り
瀞峡",,,,,,,,,,,,,,
409,小和瀬公衆トイレ,新宮市,新宮市熊野川町長井　,終日,,,水洗式,,1,2,,1,,,,,,○,○,レバー式,○,引き戸式,2.0×2.0,向かって左から,,,,レバー式,,,○,,,,熊野古道,,,,,,,,,,,,,,
410,ドライブイン志古公衆トイレ,新宮市,新宮市熊野川町志古272,8:00　　　　　17:00,30,5,水洗式,1,4,15,1,13,,,,,,○,○,レバー式,○,引き戸式,2.0×2.0,向かって左から,,,,レバー式,,,○,,,,"瀞峡
川舟下り",,,,,,,,,,,,,,
411,小口自然の家,新宮市,新宮市熊野川町上長井398　,終日,,,水洗式,,1,2,1,1,,,,,,,,,,,,,,,,手動式,,,,,,,熊野古道大雲取越、小雲取越,,,,,,,,,,,,,,
412,小口キャンプ場,新宮市,新宮市熊野川町西　,終日,,,水洗式,,2,4,,4,,,,,,,,,,,,,,,,手動式,,,○,,,,熊野古道大雲取越、小雲取越,,,,,,,,,,,,,,
413,三輪崎漁港交流施設,新宮市,新宮市三輪崎1丁目,10:00　　　　17:00,,,水洗式,,1,1,1,,,,,,,○,○,レバー式,,引き戸式,2.0×2.0,,,,,手動式,,,,,,,熊野古道大辺路高野坂,,,,,,,,,,,,,,
414,神倉神社,新宮市,新宮市神倉1-13-8,終日,6,,水洗式,,,2,,,,1,,,,,,,,,,,,,,手動式,,,,,,,熊野速玉大社,,,,,,,,,,,,,,
415,削除,,,,,,,,,,,,,,,,,,,,,,,,,,,,,,,,,,,,,,,,,,,,,,,,
416,阿須賀神社,新宮市,新宮市阿須賀1-25-25,終日,6,,水洗式,,,2,,,,2,,,,,,,,,,,,,,手動式,,,,,,,"徐福公園
熊野速玉大社
丹鶴城",,,,,,,,,,,,,,
417,JR新宮駅公衆トイレ,新宮市,新宮市徐福2-1-1,5:00　　　　　23:30,,,水洗式,,2,3,,2,,,,1,,,,,,,,,,,,手動式,,,,,,,"徐福公園
熊野速玉大社
丹鶴城",,,,,,,,,,,,,,
418,JR三輪崎駅公衆トイレ,新宮市,新宮市三輪崎1-5-30,終日,,,汲み取り式,,,,,,,1,,,,,,,,,,,,,,手動式,,,,,,,熊野古道大辺路高野坂,,,,,,,,,,,,,,
419,JR佐野駅公衆トイレ,新宮市,新宮市佐野3-9-2,終日,8,,汲み取り式,,,1,,,,2,,,,,,,,,,,,,,手動式,,,,,,,熊野古道大辺路高野坂,駐車場は有料,,,,,,,,,,,,,
420,玉置口瀞の郷公衆トイレ,新宮市,新宮市熊野川町玉置口7-1,終日,25,,水洗式,,2,3,,3,,,,,,,,,,,,,,,,手動式,,,○,,,,瀞峡川舟下り,,,,,,,,,,,,,,
421,旧小口小学校,新宮市,新宮市熊野川町上長井458,終日,,,水洗式,,,4,,,1,5,,,,,,,,,,,,,,手動式,,,,,,,熊野古道大雲・小雲取越,洋式トイレに手すり有,,,,,,,,,,,,,
422,赤木公衆トイレ,新宮市,新宮市熊野川町赤木,終日,7,,水洗式,,1,2,1,1,,,,,,,,,,,,,,,,手動式,,,,,,,熊野古道赤木越え,,,,,,,,,,,,,,
423,削除,,,,,,,,,,,,,,,,,,,,,,,,,,,,,,,,,,,,,,,,,,,,,,,,
425,孔島公衆トイレ,新宮市,新宮市三輪崎,終日,,,汲み取り式,,1,3,,2,,,,,,,,,,,,,,,,手動式,,,,,,,厳島神社,車での進入は不可能,,,,,,,,,,,,,
426,那智山表参道公衆トイレ,那智勝浦町,那智勝浦町那智山137,終日,,,水洗式,,1,3,,2,,,,,,○,○,レバー式,,引き戸式,2×2.1,向かって左から,,,,光感知式,,,,,,○,"熊野那智大社
那智山青岸渡寺",,,,,,,,,,,,,,
427,那智山滝前公衆トイレ,那智勝浦町,那智勝浦町那智山3-15,終日,4,1,水洗式,,1,3,,2,,,,,,○,○,レバー式,○,引き戸式,2.5×1.9,向かって左から,,,,光感知式,,,,,,,那智の滝,,,,,,,,,,,,,,
428,削除,,,,,,,,,,,,,,,,,,,,,,,,,,,,,,,,,,,,,,,,,,,,,,,,
429,大門坂駐車場公衆トイレ,那智勝浦町,那智勝浦町市野々3034-2,終日,40,2,水洗式,1,1,3,2,2,,,,,,○,○,手動式,○,引き戸式,2.6×2.6,向かって左から,,,○,光感知式,,○,,○,○,○,熊野古道大門坂,障害者用以外の蛇口は押しボタン,,,,,,,,,,,,,
430,那智ふれあい公園公衆トイレ,那智勝浦町,那智勝浦町市野々3964-2,終日,5,,水洗式,,1,2,,2,,,,,,○,○,,,引き戸式,2.2×2.3,向かって左から,,,,手動式,,○,,,,○,那智参詣道,,,,,,,,,,,,,,
431,朝日公園公衆トイレ（若者広場）,那智勝浦町,那智勝浦町朝日3-136,終日,,,水洗式,,1,2,,2,,,,,,,,,,,,,,,,手動式,,,,,,,朝日公園,,,,,,,,,,,,,,
432,天満球場旧公衆トイレ,那智勝浦町,那智勝浦町天満1785,終日,10,2,水洗式,,,2,,,,2,,,,,,,,,,,,,,手動式,,,,,,,"天満球場（町営野球場）
テニスコート",,,,,,,,,,,,,,
433,木戸浦ゲートボール場公衆トイレ,那智勝浦町,那智勝浦町天満字木戸浦,終日,,,水洗式,1,,1,1,,,,,,,,,,,,,,,,,手動式,,○,,,,,スポーツ用グラウンド,,,,,,,,,,,,,,
434,バースハウス公衆トイレ（ブルービーチ那智）,那智勝浦町,那智勝浦町浜ノ宮100-1,終日,100,,水洗式,,1,2,,2,,,,,,○,○,レバー式,○,引き戸式,2.2×2.0,向かって右から,,,,光感知式,,,,,,,ブルービーチ那智,,,,,,,,,,,,,,
435,ＪＲ紀伊勝浦駅前公衆トイレ,那智勝浦町,那智勝浦町築地,終日,,,水洗式,,2,3,,2,,,,,,○,○,手動式,○,引き戸式,2.0×2.9,向かって右から,,,,光感知式,,,,,,,"ＪＲ紀伊勝浦駅
足湯",,,,,,,,,,,,,,
436,海乃湯公衆トイレ(足湯),那智勝浦町,那智勝浦町築地7-1181-442,終日,,,水洗式,1,,1,1,,,,,,,○,○,光感知式,○,引き戸式,男2.3×2.1　女2.5×2.2,前方・右から,,,,光感知式,,○,,,,,"勝浦漁港
足湯",,,,,,,,,,,,,,
437,バスターミナル公衆トイレ,那智勝浦町,那智勝浦町築地2-3-30,終日,30,,水洗式,,1,3,,3,,,,,,○,○,手動式,○,引き戸式,2.0×2.5,向かって右から,,,,光感知式,,○,○,,,,紀の松島めぐり,有料駐車場,,,,,,,,,,,,,
438,渡の島公衆トイレ,那智勝浦町,那智勝浦町勝浦485-12,終日,100,,水洗式,,1,2,,2,,,,,,○,○,手動式,,引き戸式,1.8×1.8,向かって右から,,,,光感知式,,,,,,,"紀の松島めぐり
観光桟橋",,,,,,,,,,,,,,
439,下里天満海岸新公衆トイレ,那智勝浦町,那智勝浦町下里,終日,5,,水洗式,,,1,,,,1,,,,○,○,レバー式,○,引き戸式,2.3×2.2,前方・左から,,,,光感知式,,,,,,,"下里天満海岸
（サーフィンスポット）",,,,,,,,,,,,,,
440,下里天満海岸公衆トイレ,那智勝浦町,那智勝浦町下里,終日,2,,汲み取り式,,,2,,,,1,,,,,,,,,,,,,,手動式,,,,,,,"下里天満海岸
（サーフィンスポット）",,,,,,,,,,,,,,
441,大戸平公衆トイレ,那智勝浦町,那智勝浦町口色川,終日,5,,汲み取り式,,,3,,,,2,,,,,,,,,,,,,,手動式,,,,,,,那智高原公園,,,,,,,,,,,,,,
442,地蔵茶屋公衆トイレ,那智勝浦町,那智勝浦町口色川3796-1,終日,3,,汲み取り式,,1,2,,2,,,,,,,,,,,,,,,,手動式,,○,,,,,熊野古道大雲取越,,,,,,,,,,,,,,
443,那智駅交流センター,那智勝浦町,那智勝浦町浜ノ宮361-2,8:30　　　　　　22:00,30,1,水洗式,1,1,3,1,2,,,,,,○,○,レバー式,○,引き戸式,1.9×2.1,向かって右から,,,,光感知式,,○,○,○,,○,"ブルービーチ那智
補陀洛山寺",,,,,,,,,,,,,,
444,JR那智駅公衆トイレ,那智勝浦町,那智勝浦町浜の宮,終日,30,1,水洗式,,,,,,1,,,,,,,,,,,,,,,手動式,,,,,,,"ブルービーチ那智
補陀洛山寺",,,,,,,,,,,,,,
445,ＪＲ宇久井駅公衆トイレ,那智勝浦町,那智勝浦町宇久井62-4,終日,3,,水洗式,,,2,,,,1,,,,,,,,,,,,,,手動式,,,,,,,宇久井半島,,,,,,,,,,,,,,
446,ＪＲ湯川駅公衆トイレ,那智勝浦町,那智勝浦町湯川1596-16,終日,3,,水洗式,,,3,,2,,,,,,,,,,,,,,,,手動式,,,,,,,"ゆかし潟
湯川海水浴場",,,,,,,,,,,,,,
447,ＪＲ下里駅公衆トイレ,那智勝浦町,那智勝浦町下里662,終日,3,,水洗式,,,1,,,,1,,,,,,,,,,,,,,手動式,,,,,,,ぶつぶつ川,,,,,,,,,,,,,,
448,ＪＲ浦神駅公衆トイレ,那智勝浦町,那智勝浦町浦神375-6,終日,3,,水洗式,,,1,,,,1,,,,,,,,,,,,,,手動式,,,,,,,熊野古道大辺路,,,,,,,,,,,,,,
449,市屋,那智勝浦町,那智勝浦町市屋,終日,,,水洗式,,1,,,1,,,,,,,,,,,,,,,,手動式,,○,,,,,熊野古道大辺路,,,,,,,,,,,,,,
450,宇久井ビジターセンター,那智勝浦町,那智勝浦町宇久井830,終日,20,,水洗式,1,,2,1,1,,,,,,○,○,光感知式,○,引き戸式,2.6×2.3,前方・右から,○,,○,光感知式,,,○,,○,○,,水曜定休日,,,,,,,,,,,,,
451,円満地公園公衆トイレ,那智勝浦町,那智勝浦町大野216,終日,10,,水洗式,,3,4,,6,,,,,,,,,,,,,,,,手動式,,○,○,○,,,オートキャンプ場,,,,,,,,,,,,,,
452,那智大社社務所横公衆トイレ,那智勝浦町,那智勝浦町那智山,7:00　　　　　17:00,,,水洗式,1,,2,1,1,,,,,,○,○,手動式,○,引き戸式,1.6×1.3,前方・左から,,,,手動式,,,○,,,,熊野那智大社,,,,,,,,,,,,,,
453,那智大社境内公衆トイレ,那智勝浦町,那智勝浦町那智山,7:00　　　　　17:00,,,水洗式,,1,2,,2,,,,,,,,,,,,,,,,手動式,,,,,,,熊野那智大社,,,,,,,,,,,,,,
454,那智の滝ふもと公衆トイレ,那智勝浦町,那智勝浦町那智山,終日,,,水洗式,1,1,3,1,2,,,,,,,,,,,,,,,,光感知式,,,,,,,那智の滝,,,,,,,,,,,,,,
455,青岸渡寺公衆トイレ（駐車場）,那智勝浦町,那智勝浦町那智山,終日,98,2,水洗式,1,2,3,1,3,,,,,,○,○,レバー式,○,引き戸式,2.5×2.5,向かって左から,,,,光感知式,,,,,,○,那智山青岸渡寺,,,,,,,,,,,,,,
456,那智山・熊野交通（駐車場）,那智勝浦町,那智勝浦町那智山442-2,8:00　　　　　16:30,38,,水洗式,,3,5,1,4,,,,,,,,,,,,,,,,光感知式,,,,,,,那智山,有料駐車場,,,,,,,,,,,,,
457,JR太地駅公衆トイレ,太地町,太地町森浦241-1,終日,2,,水洗式,1,,2,2,,,,,,3,○,○,手動式,○,引き戸式,2.5×2.05,前方から,○,,,光感知式,○,,○,○,,○,,,,,,,,,,,,,,,
458,常渡公衆トイレ,太地町,太地町太地2904-2,終日,5,,水洗式,2,,4,4,,,,,,6,○,○,手動式,,引き戸式,2.3×2.3,前方から,○,,,光感知式,○,,,,,○,くじらの博物館,,,,,,,,,,,,,,
459,くじら浜海水浴場公衆トイレ,太地町,太地町太地2944-9,終日,3,,水洗式,1,1,3,1,3,,,,,,,,,,,,,,,,光感知式,,,,,,,くじら浜海水浴場,,,,,,,,,,,,,,
460,暖海公園公衆トイレ,太地町,太地町太地3769-38,終日,1,,水洗式,,,1,,1,,,,,,,,,,,,,,,,手動式,,,,,,,暖海公園,,,,,,,,,,,,,,
461,太地漁港公衆トイレ,太地町,太地町太地,終日,2,1,水洗式,1,1,3,1,2,,,,,,,○,手動式,○,引き戸式,2.0×1.65,向かって右から,,,,光感知式,○,,,,,,,,,,,,,,,,,,,,
462,太地公園公衆トイレ,太地町,太地町太地571-1,終日,1,,水洗式,,1,1,,1,,,,,,,○,手動式,,,,,,,,光感知式,,,,,,,太地公園,,,,,,,,,,,,,,
463,燈明崎公園公衆トイレ,太地町,太地町太地153-3,終日,3,,水洗式,,1,1,,1,,,,,,,○,手動式,,,,,,,,光感知式,,,,,,,燈明崎公園,,,,,,,,,,,,,,
464,燈明崎公衆トイレ,太地町,太地町太地115-5,終日,3,,汲み取り式,,1,2,,2,,,,,,,○,手動式,,引き戸式,1.9×1.5,前方から,,,,手動式,,,,,,,燈明崎園地,,,,,,,,,,,,,,
465,梶取崎公衆トイレ,太地町,太地町太地1430-1,終日,3,,水洗式,,2,3,1,3,,,,,,○,○,手動式,,引き戸式,1.9×2.1,向かって右から,,,,光感知式,,,,,,○,梶取崎公園,,,,,,,,,,,,,,
466,平見台園地公衆トイレ,太地町,太地町太地1770-30,終日,3,,水洗式,1,,2,2,,,,,,3,○,○,手動式,○,引き戸式,1.9×2.35,前方から,○,,,光感知式,○,,○,,,○,平見台園地,,,,,,,,,,,,,,
467,佐田さくらの公衆トイレ,古座川町,古座川町佐田439,終日,50,,水洗式,,2,2,,2,,,,,,○,○,押ボタン式,,引き戸式,2.0×2.3,前方・右から,,,,レバー式,,,,,,,"日本桜百選「佐田の桜」
七川ダム湖",,,,,,,,,,,,,,
468,一枚岩公衆トイレ,古座川町,古座川町相瀬286-1,終日,6,,水洗式,,1,4,,3,,,,,,○,○,"押ボタン式
足踏式",,外開き式,1.5×1.8,前方・右から,,,,レバー式,,,,,,,"一枚岩
（国指定天然記念物）",,,,,,,,,,,,,,
469,道の駅「一枚岩」公衆トイレ,古座川町,古座川町相瀬290-2,終日,18,2,水洗式,1,,2,1,1,,,,,2,○,○,"光感知式
押ボタン式",○,引き戸式,2.4×2.5,前方・左から,○,,○,光感知式,○,,○,○,,,"一枚岩
（国指定天然記念物）",,,,,,,,,,,,,,
470,滝の拝橋公衆トイレ,古座川町,古座川町小川,終日,10,,汲み取り式,,,1,,,,1,,,,,,,,,,,,,,,,,,,,,滝の拝,,,,,,,,,,,,,,
471,月野瀬公衆トイレ,古座川町,古座川町月野瀬139,終日,50,,水洗式,,2,3,,3,,,,,,○,○,くつべら式,○,引き戸式,2.0×2.0,前方・左から,,,,レバー式,,,○,,,,"清流古座川
少女峰",,,,,,,,,,,,,,
472,小松口園地公衆トイレ,北山村,北山村小松114-2,終日,30,1,水洗式,,1,3,1,2,,,,,,○,○,レバー式,,引き戸式,2.0×2.0,前方・右・左から,,,,光感知式,,,,,,,"北山川観光筏下り
ラフティング",,,,,,,,,,,,,,
473,オトノリ園地公衆トイレ,北山村,北山村下尾井715-3,終日,10,1,水洗式,,1,2,,3,,,,,,○,○,レバー式,,引き戸式,2.0×2.0,前方から,,,,手動式,,,,,,,"北山川観光筏下り
ラフティング",,,,,,,,,,,,,,
474,道の駅「おくとろ」公衆トイレ,北山村,北山村下尾井335,終日,125,1,水洗式,1,2,5,1,5,,,,,,○,○,レバー式,○,引き戸式,2.0×2.0,前方・右・左から,○,,,光感知式,,,,,,○,キャンプ場、温泉、売店、レストランなどの観光拠点,,,,,,,,,,,,,,
475,七色公園公衆トイレ,北山村,北山村七色356,終日,30,1,水洗式,,2,3,,3,,,,,,○,○,レバー式,,引き戸式,2.0×2.0,前方・右・左から,,,,光感知式,,,,,,○,公園内にオートキャンプ場あり,,,,,,,,,,,,,,
476,樫野駐車場公衆トイレ,串本町,串本町樫野,終日,89,4,水洗式,1,1,4,,4,,,,,,○,○,押ボタン式,○,引き戸式,2.0×2.0,向かって右から,,,,光感知式,,,,,,,トルコ記念館,,,,,,,,,,,,,,
477,樫野埼灯台前公衆トイレ,串本町,串本町樫野,終日,,,水洗式,,1,1,,1,,,,,,○,○,押ボタン式,○,引き戸式,2.0×2.0,前方から,,,,光感知式,,,,,,,トルコ記念館,,,,,,,,,,,,,,
478,日米館駐車場公衆トイレ,串本町,串本町樫野,終日,17,,水洗式,,1,3,,3,,,,,,○,○,押ボタン式,,引き戸式,2.0×2.0,前方から,,,,手動式,,,,,,,日米修交記念館,,,,,,,,,,,,,,
479,ポケットパーク公衆トイレ,串本町,串本町大島385-1,終日,5,1,水洗式,,1,1,,1,,,,,,○,,押ボタン式,,引き戸式,2.0×2.0,前方・左から,,,,光感知式,,,,,,,,,,,,,,,,,,,,,
480,潮岬灯台前公衆トイレ,串本町,串本町潮岬御岬2876-1,終日,40,,水洗式,,1,3,,3,,,,,,○,,押ボタン式,,引き戸式,2.0×2.0,向かって左から,,,,手動式,,,,,,,潮岬望楼の芝,,,,,,,,,,,,,,
481,潮岬観光タワー横公衆トイレ,串本町,串本町潮岬楠平見2706-30,終日,30,,水洗式,,2,3,,3,,,,,,○,,押ボタン式,,引き戸式,2.0×2.0,向かって左から,,,,手動式,,,,,,,潮岬望楼の芝,,,,,,,,,,,,,,
482,馬坂園地公衆トイレ,串本町,串本町串本字片江生1727-1,終日,17,,水洗式,,1,2,,3,,,,,,○,,押ボタン式,,引き戸式,2.0×2.0,前方・左から,,,,手動式,,,,,,,潮岬望楼の芝,,,,,,,,,,,,,,
483,橋杭園地公衆トイレ,串本町,串本町串本2000-12,終日,50,,水洗式,,2,4,,4,,,,,,,,,,,,,,,,手動式,,,,,,,橋杭岩,,,,,,,,,,,,,,
484,橋杭海水浴場売店公衆トイレ,串本町,串本町鬮野川1597,9：00　　　　　17：00　　　,100,1,水洗式,,2,5,,6,,,,,,○,○,押ボタン式,,引き戸式,2.0×2.0,前方・左から,,,,手動式,,,,,,,橋杭岩,,,,,,,,,,,,,,
485,橋杭立岩公衆トイレ,串本町,串本町鬮野川1582,終日,50,,水洗式,,2,7,1,7,,,,,,○,○,押ボタン式,,引き戸式,2.0×2.0,前方・左から,,,,光感知式,,,,,,,橋杭岩,,,,,,,,,,,,,,
486,あらふね公衆トイレ,串本町,串本町田原,終日,34,,水洗式,,1,2,,3,,,,,,○,○,押ボタン式,,引き戸式,2.0×2.0,前方・左から,,,,手動式,,,,,,,,,,,,,,,,,,,,,
487,重畳山公衆トイレ,串本町,串本町神野川字西谷579-1,終日,4,,水洗式,,1,3,,2,,,,,,○,○,押ボタン式,,引き戸式,2.0×2.0,前方・左から,,,,手動式,○,,,,,,,,,,,,,,,,,,,,
489,御手洗池公衆トイレ,和歌山市,和歌山市和歌浦西２丁目,終日,,,水洗式,1,3,3,1,2,,,,,,,,,,,,,,,,,,,,,,,,,,,,,,,,,,,,,
490,親子つりパーク公衆トイレ,和歌山市,和歌山市田野１０１番３,終日,,,水洗式,1,1,2,1,2,,,,,,,,,,,,,,,,,,,,,,,,,,,,,,,,,,,,,
491,浪早ビーチ公衆トイレ,和歌山市,和歌山市田野,"7時～18時（4月）6時～19時（5-8月）
7時～18時（9・10月）8時～17時（11-3月）",92,,水洗式,1,1,2,1,2,,,,,,,,,,,,,,,,,,,,,,,,,,,,,,,,,,,,,
492,浜の宮ビーチ公衆トイレ①,和歌山市,和歌山市毛見,終日,,,水洗式,,2,5,,5,,,,,,,,,,,,,,,,,,,,,,,,,,,,,,,,,,,,,
493,やどり温泉いやしの湯,橋本市,橋本市北宿5,11時～21時,11,1,水洗式,1,,2,2,,,,,,,,,,,,,,,,,,,,,,,,,,,,,,,,,,,,,,
494,紀望の里,橋本市,橋本市高野口町大野1807-1,10時～21時,27,2,水洗式,1,,2,2,,,,,,,,,,,,,,,,,,,,,,,,,,,,,,,,,,,,,,
495,せせらぎ公園公衆トイレ,橋本市,橋本市高野口町名倉191先外,終日,,,水洗式,,1,2,,2,,,,,,,,,,,,,,,,,,,,,,,,,,,,,,,,,,,,,
496,農業ふれあい公園公衆トイレ,橋本市,橋本市岸上106-3,終日,46,1,水洗式,,1,2,1,1,,,,,,,,,,,,,,,,,,,,,,,,,,,,,,,,,,,,,
497,万葉の里まつち公衆トイレ,橋本市,橋本市隅田町真土292-1,終日,,,水洗式,,,,,,1,1,,,,,,,,,,,,,,,,,,,,,,,,,,,,,,,,,,,
498,丹生川駐車場公衆トイレ（南）,九度山町,九度山町丹生川246-1,終日,15,1,水洗式,,1,2,1,1,,,,,,,,,,,,,,,,,,,,,,,,,,,,,,,,,,,,,
499,九度山町営駐車場公衆トイレ,九度山町,九度山町九度山,8時～18時,30,1,水洗式,1,,1,1,,,,,,,,,,,,,,,,,,,,,,,,,,,,,,,,,,,,,,
500,九度山駅公衆トイレ,九度山町,九度山町九度山,終日,2,,水洗式,1,,1,1,,,,,,,,,,,,,,,,,,,,,,,,,,,,,,,,,,,,,,
501,島ノ瀬ダム公衆トイレ,みなべ町,みなべ町東神野川1641-3,終日,4,1,水洗式,,,2,,,,1,,,,,,,,,,,,,,,,,,,,,,,,,,,,,,,,,,,
502,小目津公園トイレ,みなべ町,みなべ町山内,終日,20,,水洗式,,1,2,,2,,,,,,,,,,,,,,,,,,,,,,,,,,,,,,,,,,,,,
503,目津トイレ,みなべ町,みなべ町山内,終日,20,,水洗式,,1,2,,2,,,,,,,,,,,,,,,,,,,,,,,,,,,,,,,,,,,,,
504,天神崎元島防波堤前公衆トイレ,田辺市,田辺市目良１５００－３,終日,25,1,水洗式,,1,1,,1,,,,,,,,,,,,,,,,,,,,,,,,,,,,,,,,,,,,,
505,天神崎丸山灯台前公衆トイレ,田辺市,田辺市天神崎１４６２,終日,,,水洗式,,,1,,,,2,,,,,,,,,,,,,,,,,,,,,,,,,,,,,,,,,,,
506,三川公衆トイレ,田辺市,田辺市合川６３７－１６,終日,2,,水洗式,,,1,,,,1,,,,,,,,,,,,,,,,,,,,,,,,,,,,,,,,,,,
507,綱不知公園公衆トイレ,白浜町,白浜町1162-48,終日,1,,水洗式,,,1,,,1,,,,,,,,,,,,,,,,,,,,,,,,,,,,,,,,,,,,
508,臨海浦公衆トイレ,白浜町,白浜町3603,終日,,,水洗式,,1,3,,2,,,,,,,,,,,,,,,,,,,,,,,,,,,,,,,,,,,,,
509,臨海公衆トイレ,白浜町,白浜町508,終日,50,,水洗式,,1,3,1,3,,,,,,,,,,,,,,,,,,,,,,,,,,,,,,,,,,,,,
510,つくもと公衆トイレ,白浜町,白浜町3079-20,終日,,,水洗式,,1,3,,2,,,,,,,,,,,,,,,,,,,,,,,,,,,,,,,,,,,,,
511,JR紀伊日置駅公衆トイレ,白浜町,白浜町矢田159-2,終日,10,2,水洗式,,1,1,,,,,,,,,,,,,,,,,,,,,,,,,,,,,,,,,,,,,,,
512,JR椿駅公衆トイレ,白浜町,白浜町椿330-4,終日,10,,水洗式,,1,1,,,,,,,,,,,,,,,,,,,,,,,,,,,,,,,,,,,,,,,
513,道の駅 志原海岸公衆トイレ,白浜町,白浜町日置2039-73,終日,60,4,水洗式,1,1,5,2,3,,,,,,,,,,,,,,,,,,,,,,,,,,,,,,,,,,,,,
514,江津良公衆トイレ,白浜町,白浜町　（江津良海水浴場内）,終日,,,汲み取り式,,,2,,,,2,,,,,,,,,,,,,,,,,,,,,,,,,,,,,,,,,,,
515,白鳥公園公衆トイレ,白浜町,白浜町十九渕274-5,終日,,,水洗式,,1,2,1,1,,,,,,,,,,,,,,,,,,,,,,,,,,,,,,,,,,,,,
516,道の駅なち公衆トイレ,那智勝浦町,那智勝浦町浜の宮361-2,終日,30,1,水洗式,1,1,5,3,2,,,,,,,,,,,,,,,,,,,,,,,,,,,,,,,,,,,,,
517,夏山園地公衆便所,太地町,太地町太地2904－1,終日,1,1,水洗式,1,,2,2,,,,,,3,,,,,,,,,,,,,,,,,,,,,,,,,,,,,,,,
518,太地漁港施設内公衆便所,太地町,太地町太地3393－4,終日,,,水洗式,1,,1,1,,,,,,2,,,,,,,,,,,,,,,,,,,,,,,,,,,,,,,,
519,浜の宮ビーチ公衆トイレ②,和歌山市,和歌山市毛見,終日,,,水洗式,,2,5,,5,,,,,,,,,,,,,,,,,,,,,,,,,,,,,,,,,,,,,
520,浜の宮ビーチ公衆トイレ③,和歌山市,和歌山市毛見,終日,,,水洗式,,2,5,,3,,,,,,,,,,,,,,,,,,,,,,,,,,,,,,,,,,,,,
